Workbook

Sheet 设备清单
B1: 设备编号 | C1: 内部编号 | D1: 设备名称 | E1: 出厂编号 | F1: Equipment | G1: 制造厂商 | H1: 型号 | I1: 设备尺寸 | J1: 主要参数 | K1: 能耗 | L1: 投入使用时间 | M1: 到货日期 | N1: 放置地点 | O1: 负责人 | P1: 授权设备分类 | Q1: 校准机构 | R1: 校准 地点 | S1: 校准有效期 | T1: 上次校准有效期 | U1: 校准时间 | V1: 计划校准时间 | W1: 期间核查 | X1: 溯源计划 | Y1: 校准计划 | Z1: 校准状态 | AA1: 备注
A2: SHAED-A | B2: SHAED-A050 | C2: TTE20192958 | D2: 电子万能试验机 | E2: 17011203 | F2: Universal material testing machine | G2: 美特斯工业系统（中国）有限公司 | H2: E43.104 | I2: NA | J2: 10kg/100kg/500kg (0.001~500)mm/min | K2: NA | L2: =VLOOKUP(C2,设备卡片列表!A:I,6,FALSE) -> 2020-03-01 | M2: 2019 | N2: 联东 | O2: 王林华 | P2: A | Q2: CTI | R2: 现场 | S2: 一年 | T2: 45993 | U2: 45992 | V2: =U2+364 -> 46356 | W2: NA | X2: ASY-01
A3: SHAED-A | B3: SHAED-A051 | C3: TTE202608429 | D3: 电子万能试验机 | E3: LE2604051 | F3: Universal material testing machine | G3: 力试 | H3: LD24.204 | J3: 100/1000/20000N (0.001~500)mm/min | M3: 2026 | N3: 联东 | O3: 王林华 | P3: A | Q3: CTI | R3: 现场 | U3: 46220 | V3: =U3+364 -> 46584 | W3: NA | X3: ASY-02
A4: SHAED-C | B4: SHAED-C001 | C4: TTE20192945 | D4: 温湿度环境箱 | E4: 54260024360080 | F4: Temperature and humidity chamber | G4: 伟思富奇（太仓） | H4: C7-600E series | I4: W790 x D750 x H950mm=600L | J4: 温度：-70~+150 °C；湿度：15% ~98 % RH（+ 10 ~ + 95 °C） 升降温速率：±2℃/min 耐功耗：2kw | K4: 21A，10.1KW | L4: =VLOOKUP(C4,设备卡片列表!A:I,6,FALSE) -> 2019-11-05 | M4: 2019 | N4: 联东 | O4: 徐东敏 | P4: A | Q4: CTI | R4: 现场 | S4: 一年 | T4: 45943 | U4: 45939 | V4: =U4+364 -> 46303 | W4: =U4+183 -> 46122 | X4: CSY-01
A5: SHAED-C | B5: SHAED-C002 | C5: TTE20192946 | D5: 温湿度环境箱 | E5: 54260024360060 | F5: Temperature and humidity chamber | G5: 伟思富奇（太仓） | H5: C7-600E series | I5: W790 x D750 x H950mm=600L | J5: 温度：-70~+150 °C；湿度：15% ~98 % RH（+ 10 ~ + 95 °C） 升降温速率：±2℃/min 耐功耗：2kw | K5: 21A，10.1KW | L5: =VLOOKUP(C5,设备卡片列表!A:I,6,FALSE) -> 2019-11-05 | M5: 2019 | N5: 联东 | O5: 徐东敏 | P5: A | Q5: CTI | R5: 现场 | S5: 一年 | T5: 45943 | U5: 45939 | V5: =U5+364 -> 46303 | W5: =U5+183 -> 46122 | X5: CSY-01
A6: SHAED-C | B6: SHAED-C003 | C6: TTE20192947 | D6: 温湿度环境箱 | E6: 54260024360090 | F6: Temperature and humidity chamber | G6: 伟思富奇（太仓） | H6: C7-600E series | I6: W790 x D750 x H950mm=600L | J6: 温度：-70~+150 °C；湿度：15% ~98 % RH（+ 10 ~ + 95 °C） 升降温速率：±2℃/min 耐功耗：2kw | K6: 21A，10.1KW | L6: =VLOOKUP(C6,设备卡片列表!A:I,6,FALSE) -> 2019-11-05 | M6: 2019 | O6: 徐东敏 | P6: A | Q6: CTI | R6: 现场 | S6: 一年 | T6: 45943 | U6: 45939 | V6: =U6+364 -> 46303 | W6: =U6+183 -> 46122 | X6: CSY-01
A7: SHAED-C | B7: SHAED-C004 | C7: TTE20192948 | D7: 温湿度环境箱 | E7: 54260024360070 | F7: Temperature and humidity chamber | G7: 伟思富奇（太仓） | H7: C7-600E series | I7: W790 x D750 x H950mm=600L | J7: 温度：-70~+150 °C；湿度：15% ~98 % RH（+ 10 ~ + 95 °C） 升降温速率：±2℃/min 耐功耗：2kw | K7: 21A，10.1KW | L7: =VLOOKUP(C7,设备卡片列表!A:I,6,FALSE) -> 2019-11-05 | M7: 2019 | O7: 徐东敏 | P7: A | Q7: CTI | R7: 现场 | S7: 一年 | T7: 45943 | U7: 45939 | V7: =U7+364 -> 46303 | W7: =U7+183 -> 46122 | X7: CSY-01
A8: SHAED-C | B8: SHAED-C005 | C8: TTE20192954 | D8: 温湿度环境箱-Pro | E8: 54260024360050 | F8: Temperature and humidity chamber (pro) | G8: 伟思富奇（太仓） | H8: C7-1000E series pro | I8: W1090 x D900 x H950mm=1000L | J8: 温度：-70~+180 °C；湿度：15% ~98 % RH（+ 10 ~ + 95 °C） 升降温速率：±2℃/min Pro 耐功耗：2kw | K8: 25A，14KW | L8: =VLOOKUP(C8,设备卡片列表!A:I,6,FALSE) -> 2019-12-16 | M8: 2019 | P8: A | Q8: CTI | R8: 现场 | S8: 一年 | T8: 45943 | U8: 45939 | V8: =U8+364 -> 46303 | W8: =U8+183 -> 46122 | X8: CSY-02
A9: SHAED-C | B9: SHAED-C006 | C9: TTE20201826 | D9: 环境箱-匹配振动台 | E9: 191379 | F9: Temperature chamber (for vibration equipment) | G9: 重庆阿泰可 | H9: CH1500TCH（水平） | I9: W1200 x D1100 x H1160mm=1531L | J9: 与SHAED-V001匹配 温度：-70~+150 °C 温度偏差：≤±2℃ 温度波动度：≤±0.5℃ 温度均匀度：≤±2℃ 温度变化速率：≥2℃/min | K9: 40A，22KW | L9: =VLOOKUP(C9,设备卡片列表!A:I,6,FALSE) -> 2019-12-26 | M9: 2019 | O9: 张杰 | P9: A | Q9: CTI | R9: 现场 | S9: 一年 | T9: 46282 | U9: 46282 | V9: =U9+364 -> 46646 | W9: =U9+183 -> 46465 | X9: CSY-03
A10: SHAED-C | B10: SHAED-C007 | C10: TTE20193199 | D10: 环境箱-匹配振动台 | E10: 19178018 | F10: Temperature chamber (for vibration equipment) | G10: 广州五所环境仪器有限公司 | H10: CT2970A2 （水平） | I10: W1500 x D1500 x H1300mm=2925L | J10: 与SHAED-V004匹配 温度：-70~+150 °C 温度偏差：优于±1.5℃（≤150℃）；≤±2℃（150~180℃） 温度波动度：≤0.5℃ 温度均匀度：≤2℃ 温度变化速率：≥2℃/min | K10: Max 70A, 38KW | L10: =VLOOKUP(C10,设备卡片列表!A:I,6,FALSE) -> 2019-12-25 | M10: 2019 | O10: 张杰 | P10: A | Q10: CTI | R10: 现场 | S10: 一年 | T10: 46282 | U10: 46281 | V10: =U10+364 -> 46645 | W10: =U10+183 -> 46464 | X10: CSY-03
A11: SHAED-C | B11: SHAED-C008 | C11: TTE20193200 | D11: 环境箱-匹配振动台 | E11: 19178017 | F11: Temperature chamber (for vibration equipment) | G11: 广州五所环境仪器有限公司 | H11: CT2970A2 （垂直） | I11: W1500 x D1500 x H1300mm=2925L | J11: 与SHAED-V005匹配 温度：-70~+150 °C 温度偏差：优于±1.5℃（≤150℃）；≤±2℃（150~180℃） 温度波动度：≤0.5℃ 温度均匀度：≤2℃ 温度变化速率：≥2℃/min | K11: Max 70A, 38KW | L11: =VLOOKUP(C11,设备卡片列表!A:I,6,FALSE) -> 2019-12-25 | M11: 2019 | O11: 张杰 | P11: A | Q11: CTI | R11: 现场 | S11: 一年 | T11: 46282 | U11: 46281 | V11: =U11+364 -> 46645 | W11: =U11+183 -> 46464 | X11: CSY-03
A12: SHAED-C | B12: SHAED-C009 | C12: TTE20193201 | D12: 环境箱-匹配振动台 | E12: 19178019 | F12: Temperature chamber (for vibration equipment) | G12: 广州五所环境仪器有限公司 | H12: CT2970A2 （垂直+水平） | I12: W1500 x D1500 x H1300mm=2925L | J12: 与SHAED-V006匹配 温度：-70~+150 °C 温度偏差：优于±1.5℃（≤150℃）；≤±2℃（150~180℃） 温度波动度：≤0.5℃ 温度均匀度：≤2℃ 温度变化速率：≥2℃/min | K12: Max 70A, 38KW | L12: =VLOOKUP(C12,设备卡片列表!A:I,6,FALSE) -> 2019-12-25 | M12: 2019 | O12: 张杰 | P12: A | Q12: CTI | R12: 现场 | S12: 一年 | T12: 46283 | U12: 46281 | V12: =U12+364 -> 46645 | W12: =U12+183 -> 46464 | X12: CSY-03
A13: SHAED-C | B13: SHAED-C010 | C13: TTE20200975 | D13: 温湿度环境箱 | E13: 54260027280020 | F13: Temperature and humidity chamber | G13: 伟思富奇（太仓） | H13: C7-600E series | I13: W790 x D750 x H950mm=600L | J13: 温度：-70~+150 °C；湿度：15% ~98 % RH（+ 10 ~ + 95 °C） 升降温速率：±2℃/min 耐功耗：2kw | K13: 21A，10.1KW | L13: =VLOOKUP(C13,设备卡片列表!A:I,6,FALSE) -> 2020-07-07 | M13: 2020 | O13: 徐东敏 | P13: A | Q13: CTI | R13: 现场 | S13: 一年 | T13: 46076 | U13: 46065 | V13: =U13+364 -> 46429 | W13: =U13+183 -> 46248 | X13: CSY-01
A14: SHAED-C | B14: SHAED-C011 | C14: TTE20200974 | D14: 温湿度环境箱 | E14: 54260027280010 | F14: Temperature and humidity chamber | G14: 伟思富奇（太仓） | H14: C7-600E series | I14: W790 x D750 x H950mm=600L | J14: 温度：-70~+150 °C；湿度：15% ~98 % RH（+ 10 ~ + 95 °C） 升降温速率：±2℃/min 耐功耗：2kw | K14: 21A，10.1KW | L14: =VLOOKUP(C14,设备卡片列表!A:I,6,FALSE) -> 2020-07-30 | M14: 2020 | O14: 徐东敏 | P14: A | Q14: CTI | R14: 现场 | S14: 一年 | T14: 46126 | U14: 46125 | V14: =U14+364 -> 46489 | W14: =U14+183 -> 46308 | X14: CSY-01
A15: SHAED-C | B15: SHAED-C012 | C15: TTE20192957 | D15: 温湿度环境箱 | E15: 54260027280040 | F15: Temperature and humidity chamber | G15: 伟思富奇（太仓） | H15: C7-1000E series | I15: W1090 x D900 x H950mm=1000L | J15: 温度：-70~+150 °C；湿度：15% ~98 % RH（+ 10 ~ + 95 °C） 升降温速率：±2℃/min 耐功耗：2kw | K15: 25A，14KW | L15: =VLOOKUP(C15,设备卡片列表!A:I,6,FALSE) -> 2020-06-08 | M15: 2020 | P15: A | Q15: CTI | R15: 现场 | S15: 一年 | T15: 46126 | U15: 46125 | V15: =U15+364 -> 46489 | W15: =U15+183 -> 46308 | X15: CSY-01
A16: SHAED-C | B16: SHAED-C013 | C16: TTE20200976 | D16: 温湿度环境箱 | E16: 54260027280030 | F16: Temperature and humidity chamber | G16: 伟思富奇（太仓） | H16: C7-1000E series | I16: W1090 x D900 x H950mm=1000L | J16: 温度：-70~+150 °C；湿度：15% ~98 % RH（+ 10 ~ + 95 °C） 升降温速率：±2℃/min 耐功耗：2kw | K16: 25A，14KW | L16: =VLOOKUP(C16,设备卡片列表!A:I,6,FALSE) -> 2020-06-08 | M16: 2020 | P16: A | Q16: CTI | R16: 现场 | S16: 一年 | T16: 46126 | U16: 46125 | V16: =U16+364 -> 46489 | W16: =U16+183 -> 46308 | X16: CSY-01
A17: SHAED-C | B17: SHAED-C014 | C17: TTE20200977 | D17: 温湿度环境箱 | E17: 54260027280050 | F17: Temperature and humidity chamber | G17: 伟思富奇（太仓） | H17: C7-1000E series | I17: W1090 x D900 x H950mm=1000L | J17: 温度：-70~+150 °C；湿度：15% ~98 % RH（+ 10 ~ + 95 °C） 升降温速率：±2℃/min 耐功耗：2kw | K17: 25A，14KW | L17: =VLOOKUP(C17,设备卡片列表!A:I,6,FALSE) -> 2020-06-08 | M17: 2020 | P17: A | Q17: CTI | R17: 现场 | S17: 一年 | T17: 46076 | U17: 46065 | V17: =U17+364 -> 46429 | W17: =U17+183 -> 46248 | X17: CSY-01
A18: SHAED-C | B18: SHAED-C015 | C18: TTE20192943 | D18: 温湿度环境箱 | E18: 54260024360120 | F18: Temperature and humidity chamber | G18: 伟思富奇（太仓） | H18: C7-1000E series | I18: W1090 x D900 x H950mm=1000L | J18: 温度：-70~+150 °C；湿度：15% ~98 % RH（+ 10 ~ + 95 °C） 升降温速率：±2℃/min 耐功耗：2kw | K18: 25A，14KW | L18: =VLOOKUP(C18,设备卡片列表!A:I,6,FALSE) -> 2020-06-08 | M18: 2020 | P18: A | Q18: CTI | R18: 现场 | S18: 一年 | T18: 46126 | U18: 46115 | V18: =U18+364 -> 46479 | W18: =U18+183 -> 46298 | X18: CSY-01
A19: SHAED-C | B19: SHAED-C016 | C19: TTE20200978 | D19: 温湿度环境箱 | E19: 54260024360150 | F19: Temperature and humidity chamber | G19: 伟思富奇（太仓） | H19: C7-1000E series | I19: W1090 x D900 x H950mm=1000L | J19: 温度：-70~+150 °C；湿度：15% ~98 % RH（+ 10 ~ + 95 °C） 升降温速率：±2℃/min 耐功耗：2kw | K19: 25A，14KW | L19: =VLOOKUP(C19,设备卡片列表!A:I,6,FALSE) -> 2020-06-17 | M19: 2020 | O19: 王林华 | P19: A | Q19: CTI | R19: 现场 | S19: 一年 | T19: 46126 | U19: 46115 | V19: =U19+364 -> 46479 | W19: =U19+183 -> 46298 | X19: CSY-01
A20: SHAED-C | B20: SHAED-C017 | C20: TTE20192955 | D20: 温湿度环境箱 | E20: 54260024360100 | F20: Temperature and humidity chamber | G20: 伟思富奇（太仓） | H20: C7-1000E series | I20: W1090 x D900 x H950mm=1000L | J20: 温度：-70~+150 °C；湿度：15% ~98 % RH（+ 10 ~ + 95 °C） 升降温速率：±2℃/min 耐功耗：2kw | K20: 25A，14KW | L20: =VLOOKUP(C20,设备卡片列表!A:I,6,FALSE) -> 2020-06-03 | M20: 2020 | O20: 王林华 | P20: A | Q20: CTI | R20: 现场 | S20: 一年 | T20: 46126 | U20: 46125 | V20: =U20+364 -> 46489 | W20: =U20+183 -> 46308 | X20: CSY-01
A21: SHAED-C | B21: SHAED-C018 | C21: TTE20192956 | D21: 温湿度环境箱 | E21: 54260024360110 | F21: Temperature and humidity chamber | G21: 伟思富奇（太仓） | H21: C7-1000E series | I21: W1090 x D900 x H950mm=1000L | J21: 温度：-70~+150 °C；湿度：15% ~98 % RH（+ 10 ~ + 95 °C） 升降温速率：±2℃/min 耐功耗：2kw | K21: 25A，14KW | L21: =VLOOKUP(C21,设备卡片列表!A:I,6,FALSE) -> 2020-06-08 | M21: 2020 | O21: 王林华 | P21: A | Q21: CTI | R21: 现场 | S21: 一年 | T21: 46076 | U21: 46065 | V21: =U21+364 -> 46429 | W21: =U21+183 -> 46248 | X21: CSY-01
A22: SHAED-C | B22: SHAED-C019 | C22: TTE20192949 | D22: 温湿度环境箱 | E22: 54260024360130 | F22: Temperature and humidity chamber | G22: 伟思富奇（太仓） | H22: C7-1500E series | I22: W1090 x D1430 x H950mm=1500L | J22: 温度：-70~+150 °C；湿度：15% ~98 % RH（+ 10 ~ + 95 °C） 升降温速率：±2℃/min 耐功耗：2kw | K22: 29A，15.6KW | L22: =VLOOKUP(C22,设备卡片列表!A:I,6,FALSE) -> 2020-06-08 | M22: 2020 | O22: 王林华 | P22: A | Q22: CTI | R22: 现场 | S22: 一年 | T22: 46148 | U22: 46148 | V22: =U22+364 -> 46512 | W22: =U22+183 -> 46331 | X22: CSY-01
A23: SHAED-C | B23: SHAED-C020 | C23: TTE20192944 | D23: 温湿度环境箱-Pro | E23: 54260024360140 | F23: Temperature and humidity chamber (pro) | G23: 伟思富奇（太仓） | H23: C7-1500E series pro | I23: W1090 x D1430 x H950mm=1500L | J23: 温度：-70~+180 °C；湿度：15% ~98 % RH（+ 10 ~ + 95 °C）; Pro VW 80000-K15 设备下层有水槽，可蒸汽加热 耐功耗：2kw | K23: 29A，15.6KW | L23: =VLOOKUP(C23,设备卡片列表!A:I,6,FALSE) -> 2019-11-05 | M23: 2019 | O23: 王林华 | P23: A | Q23: CTI | R23: 现场 | S23: 一年 | T23: 45943 | U23: 45940 | V23: =U23+364 -> 46304 | W23: =U23+183 -> 46123 | X23: CSY-02
A24: SHAED-C | B24: SHAED-C021 | C24: TTE20193354 | D24: 温湿度环境箱 | E24: 19110202 | F24: Temperature and humidity chamber | G24: 帕捷Partner | H24: PHV1720-DU-0404 | I24: W2000 x D1000 x H1000mm=2000L | J24: 温度范围：-70~+150℃ 温度均匀度：≤2℃ 温度偏差：≤±2℃ 温度波动度：≤1℃ 湿度范围：20~98%R.H 湿度偏差：-3%~+2%RH（>75%RH),±5%RH（≤75%RH) 升温速率：全程平均2℃/min（50kg铝锭，-40~120℃，出风口检测） 降温速率：全程平均2℃/min（50kg铝锭，+120~-40℃，出风口检测） | K24: 38A，18KW | L24: =VLOOKUP(C24,设备卡片列表!A:I,6,FALSE) -> 2020-06-15 | M24: 2020 | P24: A | Q24: CTI | R24: 现场 | S24: 一年 | T24: 46126 | U24: 46115 | V24: =U24+364 -> 46479 | W24: =U24+183 -> 46298 | X24: CSY-05
A25: SHAED-C | B25: SHAED-C022 | C25: TTE20202358 | D25: 温湿度环境箱-Pro | E25: 54260028530020 | F25: Temperature and humidity chamber (pro) | G25: 伟思富奇（太仓） | H25: C7-1500E series pro | I25: W1090 x D1430 x H950mm=1500L | J25: 温度：-70~+180 °C；湿度：15% ~98 % RH（+ 10 ~ + 95 °C） 升降温速率：±2℃/min Pro 耐功耗：2kw | K25: 29A，15.6KW | L25: =VLOOKUP(C25,设备卡片列表!A:I,6,FALSE) -> 2020-10-20 | M25: 2020 | O25: 王林华 | P25: A | Q25: CTI | R25: 现场 | S25: 一年 | T25: 46244 | U25: 46241 | V25: =U25+364 -> 46605 | W25: =U25+183 -> 46424 | X25: CSY-02
A26: SHAED-C | B26: SHAED-C023 | C26: TTE20202357 | D26: 温湿度环境箱 | E26: 54260028530010 | F26: Temperature and humidity chamber | G26: 伟思富奇（太仓） | H26: C7-1500E series | I26: W1090 x D1430 x H950mm=1500L | J26: 温度：-70~+150 °C；湿度：15% ~98 % RH（+ 10 ~ + 95 °C） 升降温速率：±2℃/min 耐功耗：2kw | K26: 29A，15.6KW | L26: =VLOOKUP(C26,设备卡片列表!A:I,6,FALSE) -> 2020-10-20 | M26: 2020 | O26: 王林华 | P26: A | Q26: CTI | R26: 现场 | S26: 一年 | T26: 46244 | U26: 46241 | V26: =U26+364 -> 46605 | W26: =U26+183 -> 46424 | X26: CSY-01
A27: SHAED-C | B27: SHAED-C024 | C27: TTF20200842 | D27: 高低温试验箱 | E27: GDW200531014 | F27: Temperature and humidity chamber | G27: 上海苏盈 | H27: GDJ-1600C | I27: W1090 x D1430 x H950mm=1500L | J27: 温度：-70~+150 °C 升降温速率：±2℃/min | K27: 15KW | L27: =VLOOKUP(C27,设备卡片列表!A:I,6,FALSE) -> 2020-07-28 | M27: 2020 | N27: 恒西路 | O27: 韩琦浩 | P27: A | Q27: CTI | R27: 现场 | S27: 一年 | T27: 46244 | U27: 46244 | V27: =U27+364 -> 46608 | W27: =U27+183 -> 46427 | X27: CSY-07
A28: SHAED-C | B28: SHAED-C025 | C28: TTE20202878 | D28: 环境箱-匹配振动台 | E28: 201260 | F28: Temperature chamber (for vibration equipment) | G28: 重庆阿泰可 | H28: CH1500TCVT（垂直） | I28: W1200 x D1100 x H1160mm=1531L | J28: 与SHAED-V0026匹配 温度：-70~+150 °C 温度偏差：≤±2℃ 温度波动度：≤±0.5℃ 温度均匀度：≤±2℃ 温度变化速率：≥2℃/min | K28: 40A，22KW | L28: =VLOOKUP(C28,设备卡片列表!A:I,6,FALSE) -> 2020-12-01 | M28: 2020 | O28: 张杰 | P28: A | Q28: CTI | R28: 现场 | S28: 一年 | T28: 46244 | U28: 46241 | V28: =U28+364 -> 46605 | W28: =U28+183 -> 46424 | X28: CSY-03
A29: SHAED-C | B29: SHAED-C026 | C29: TTE20210727 | D29: 快速温度变化试验箱-匹配振动台 | E29: 201398 | F29: Rapid temperature change with humidity chamber (for vibration equipment) | G29: 重庆阿泰可 | H29: CH700CVTH-10ESS（垂直+水平） | I29: W800 x D900 x H900mm=650L | J29: 与SHAED-V0036匹配 温度：-70~+200 °C 温度偏差：≤±2℃ 温度波动度：≤±0.5℃ 温度均匀度：≤±2℃ 温度变化速率：10℃/min | K29: 88A，55KW | L29: =VLOOKUP(C29,设备卡片列表!A:I,6,FALSE) -> 2021-04-28 | M29: 2021 | O29: 张杰 | P29: A | Q29: CTI | R29: 现场 | S29: 一年 | T29: 45979 | U29: 45978 | V29: =U29+364 -> 46342 | W29: =U29+183 -> 46161 | X29: CSY-04
A30: SHAED-C | B30: SHAED-C027 | C30: TTE20210968 | D30: 温湿度环境箱 | E30: 54260030750030 | F30: Temperature and humidity chamber | G30: 伟思富奇（太仓） | H30: C4-340E series | I30: W580 x D760 x H750mm=340L | J30: 温度：-40~+150 °C；湿度：15% ~98 % RH（+ 10 ~ + 95 °C） 升降温速率：±2℃/min 耐功耗：2kw | K30: 15.3A，6.5KW | L30: =VLOOKUP(C30,设备卡片列表!A:I,6,FALSE) -> 2021-06-03 | M30: 2021 | P30: A | Q30: CTI | R30: 现场 | S30: 一年 | T30: 46076 | U30: 46064 | V30: =U30+364 -> 46428 | W30: =U30+183 -> 46247 | X30: CSY-06
A31: SHAED-C | B31: SHAED-C028 | C31: TTE20210969 | D31: 温湿度环境箱 | E31: 54260030750040 | F31: Temperature and humidity chamber | G31: 伟思富奇（太仓） | H31: C4-340E series | I31: W580 x D760 x H750mm=340L | J31: 温度：-40~+150 °C；湿度：15% ~98 % RH（+ 10 ~ + 95 °C） 升降温速率：±2℃/min 耐功耗：2kw | K31: 15.3A，6.5KW | L31: =VLOOKUP(C31,设备卡片列表!A:I,6,FALSE) -> 2021-06-03 | M31: 2021 | P31: A | Q31: CTI | R31: 现场 | S31: 一年 | T31: 46076 | U31: 46064 | V31: =U31+364 -> 46428 | W31: =U31+183 -> 46247 | X31: CSY-06
A32: SHAED-C | B32: SHAED-C029 | C32: TTE20210970 | D32: 温湿度环境箱 | E32: 54260030750060 | F32: Temperature and humidity chamber | G32: 伟思富奇（太仓） | H32: C4-340E series | I32: W580 x D760 x H750mm=340L | J32: 温度：-40~+150 °C；湿度：15% ~98 % RH（+ 10 ~ + 95 °C） 升降温速率：±2℃/min 耐功耗：2kw | K32: 15.3A，6.5KW | L32: =VLOOKUP(C32,设备卡片列表!A:I,6,FALSE) -> 2021-06-03 | M32: 2021 | P32: A | Q32: CTI | R32: 现场 | S32: 一年 | T32: 46076 | U32: 46064 | V32: =U32+364 -> 46428 | W32: =U32+183 -> 46247 | X32: CSY-06
A33: SHAED-C | B33: SHAED-C030 | C33: TTE20210971 | D33: 温湿度环境箱 | E33: 54260030750050 | F33: Temperature and humidity chamber | G33: 伟思富奇（太仓） | H33: C4-340E series | I33: W580 x D760 x H750mm=340L | J33: 温度：-40~+150 °C；湿度：15% ~98 % RH（+ 10 ~ + 95 °C） 升降温速率：±2℃/min 耐功耗：2kw | K33: 15.3A，6.5KW | L33: =VLOOKUP(C33,设备卡片列表!A:I,6,FALSE) -> 2021-06-03 | M33: 2021 | P33: A | Q33: CTI | R33: 现场 | S33: 一年 | T33: 46076 | U33: 46064 | V33: =U33+364 -> 46428 | W33: =U33+183 -> 46247 | X33: CSY-06
A34: SHAED-C | B34: SHAED-C031 | C34: TTE20212750 | D34: 温湿度环境箱-Pro | E34: 54260032230010 | F34: Temperature and humidity chamber (pro) | G34: 伟思富奇（太仓） | H34: C7-1000E series pro | I34: W1090 x D900 x H950mm=1000L | J34: 温度：-70~+180 °C；湿度：15% ~98 % RH（+ 10 ~ + 95 °C） 升降温速率：±2℃/min Pro 耐功耗：2kw | K34: 25A，14KW | L34: =VLOOKUP(C34,设备卡片列表!A:I,6,FALSE) -> 2021-11-10 | M34: 2021 | P34: A | Q34: CTI | R34: 现场 | S34: 一年 | T34: 46244 | U34: 46241 | V34: =U34+364 -> 46605 | W34: =U34+183 -> 46424 | X34: CSY-02
A35: SHAED-C | B35: SHAED-C032 | C35: TTE20213033 | D35: 温湿度环境箱 | E35: 21092304 | F35: Temperature and humidity chamber | G35: 帕捷Partner | H35: PMH7010-D | I35: W500 x D400 x H600mm=120L | J35: 温度范围：-70~+150℃ 温度均匀度：≤2℃ 温度偏差：≤±2℃ 温度波动度：≤1℃ 湿度范围：20~98%R.H 湿度偏差：-3%~+2%RH（>75%RH),±5%RH（≤75%RH) 升温速率：全程平均2℃/min（50kg铝锭，-40~120℃，出风口检测） 降温速率：全程平均2℃/min（50kg铝锭，+120~-40℃，出风口检测） | K35: 16A，5KW | L35: =VLOOKUP(C35,设备卡片列表!A:I,6,FALSE) -> 2021-11-08 | M35: 2021 | P35: A | Q35: CTI | R35: 现场 | S35: 一年 | T35: 45531 | U35: 2024/8/22 转非金属材料 | V35: =U35+364 -> #VALUE! | W35: =U35+183 -> #VALUE! | X35: CSY-05 | Y35: 转非金属材料 | Z35: 转非金属材料 | AA35: 转非金属材料
A36: SHAED-C | B36: SHAED-C033 | C36: TTE20213034 | D36: 温湿度环境箱 | E36: 21092305 | F36: Temperature and humidity chamber | G36: 帕捷Partner | H36: PMH7010-D | I36: W500 x D400 x H600mm=120L | J36: 温度范围：-70~+150℃ 温度均匀度：≤2℃ 温度偏差：≤±2℃ 温度波动度：≤1℃ 湿度范围：20~98%R.H 湿度偏差：-3%~+2%RH（>75%RH),±5%RH（≤75%RH) 升温速率：全程平均2℃/min（50kg铝锭，-40~120℃，出风口检测） 降温速率：全程平均2℃/min（50kg铝锭，+120~-40℃，出风口检测） | K36: 16A，5KW | L36: =VLOOKUP(C36,设备卡片列表!A:I,6,FALSE) -> 2021-10-22 | M36: 2021 | P36: A | Q36: CTI | R36: 现场 | S36: 一年 | T36: 45531 | U36: 2024/8/22 转非金属材料 | V36: =U36+364 -> #VALUE! | W36: =U36+183 -> #VALUE! | X36: CSY-05 | Y36: 转非金属材料 | Z36: 转非金属材料 | AA36: 转非金属材料
A37: SHAED-C | B37: SHAED-C034 | C37: TTE20222887 | D37: 温湿度环境箱 | E37: 54260035250010 | F37: Temperature and humidity chamber | G37: 伟思富奇（太仓） | H37: C4-340E series | I37: W580 x D760 x H750mm=340L | J37: 温度：-40~+150 °C；湿度：15% ~98 % RH（+ 10 ~ + 95 °C） 升降温速率：±2℃/min 耐功耗：2kw | K37: 15.3A，6.5KW | L37: 44742 | M37: 2022 | P37: A | Q37: CTI | R37: 现场 | S37: 一年 | T37: 46164 | U37: 46148 | V37: =U37+364 -> 46512 | W37: =U37+183 -> 46331 | X37: CSY-06
A38: SHAED-C | B38: SHAED-C035 | C38: TTE20222888 | D38: 温湿度环境箱 | E38: 54260035250020 | F38: Temperature and humidity chamber | G38: 伟思富奇（太仓） | H38: C4-340E series | I38: W580 x D760 x H750mm=340L | J38: 温度：-40~+150 °C；湿度：15% ~98 % RH（+ 10 ~ + 95 °C） 升降温速率：±2℃/min 耐功耗：2kw | K38: 15.3A，6.5KW | L38: 44749 | M38: 2022 | P38: A | Q38: CTI | R38: 现场 | S38: 一年 | T38: 46183 | U38: 46182 | V38: =U38+364 -> 46546 | W38: =U38+183 -> 46365 | X38: CSY-06
A39: SHAED-C | B39: SHAED-C036 | C39: TTE20222889 | D39: 温湿度环境箱 | E39: 54260035250030 | F39: Temperature and humidity chamber | G39: 伟思富奇（太仓） | H39: C4-340E series | I39: W580 x D760 x H750mm=340L | J39: 温度：-40~+150 °C；湿度：15% ~98 % RH（+ 10 ~ + 95 °C） 升降温速率：±2℃/min 耐功耗：2kw | K39: 15.3A，6.5KW | L39: 44749 | M39: 2022 | P39: A | Q39: CTI | R39: 现场 | S39: 一年 | T39: 46183 | U39: 46182 | V39: =U39+364 -> 46546 | W39: =U39+183 -> 46365 | X39: CSY-06
A40: SHAED-C | B40: SHAED-C037 | C40: TTE20222890 | D40: 温湿度环境箱 | E40: 54260035250040 | F40: Temperature and humidity chamber | G40: 伟思富奇（太仓） | H40: C4-340E series | I40: W580 x D760 x H750mm=340L | J40: 温度：-40~+150 °C；湿度：15% ~98 % RH（+ 10 ~ + 95 °C） 升降温速率：±2℃/min 耐功耗：2kw | K40: 15.3A，6.5KW | L40: 44753 | M40: 2022 | P40: A | Q40: CTI | R40: 现场 | S40: 一年 | T40: 46183 | U40: 46182 | V40: =U40+364 -> 46546 | W40: =U40+183 -> 46365 | X40: CSY-06
A41: SHAED-C | B41: SHAED-C038 | C41: TTE20222893 | D41: 温湿度环境箱 | E41: 54260035250060 | F41: Temperature and humidity chamber | G41: 伟思富奇（太仓） | H41: C7-1500E series | I41: W1090 x D1430 x H950mm=1500L | J41: 温度：-70~+150 °C；湿度：15% ~98 % RH（+ 10 ~ + 95 °C） 升降温速率：±2℃/min 耐功耗：2kw | K41: 29A，15.6KW | L41: 44742 | M41: 2022 | O41: 王林华 | P41: A | Q41: CTI | R41: 现场 | S41: 一年 | T41: 46164 | U41: 46148 | V41: =U41+364 -> 46512 | W41: =U41+183 -> 46331 | X41: CSY-01
A42: SHAED-C | B42: SHAED-C039 | C42: TTE20224429 | D42: 温湿度环境箱 | E42: 22052801 | F42: Temperature and humidity chamber | G42: 帕捷Partner | H42: PTV1715A-DU | I42: W1000 x D1000 x H1500mm=1500L | J42: 温度：-70~+150 °C 升降温速率：±2℃/min | K42: 29A，14KW | L42: 44742 | M42: 2022 | P42: A | Q42: CTI | R42: 现场 | S42: 一年 | T42: 46164 | U42: 46148 | V42: =U42+364 -> 46512 | W42: =U42+183 -> 46331 | X42: CSY-07
A43: SHAED-C | B43: SHAED-C040 | C43: TTE20224430 | D43: 温湿度环境箱 | E43: 22052802 | F43: Temperature and humidity chamber | G43: 帕捷Partner | H43: PTV1715A-DU | I43: W1000 x D1000 x H1500mm=1500L | J43: 温度：-70~+150 °C 升降温速率：±2℃/min | K43: 29A，14KW | L43: 44742 | M43: 2022 | P43: A | Q43: CTI | R43: 现场 | S43: 一年 | T43: 46164 | U43: 46168 | V43: =U43+364 -> 46532 | W43: =U43+183 -> 46351 | X43: CSY-07
A44: SHAED-C | B44: SHAED-C041 | C44: TTE20222891 | D44: 温湿度环境箱-pro | E44: 54260035250070 | F44: Temperature and humidity chamber (pro) | G44: 伟思富奇（太仓） | H44: C7-1000E series pro | I44: W1090 x D900 x H950mm=1000L | J44: 温度：-70~+180 °C；湿度：15% ~98 % RH（+ 10 ~ + 95 °C）; Pro VW 80000-K15 设备下层有水槽，可蒸汽加热 耐功耗：2kw | K44: 25A，14KW | L44: 44753 | M44: 2022 | P44: A | Q44: CTI | R44: 现场 | S44: 一年 | T44: 46183 | U44: 46182 | V44: =U44+364 -> 46546 | W44: =U44+183 -> 46365 | X44: CSY-02
A45: SHAED-C | B45: SHAED-C042 | C45: TTE20222892 | D45: 温湿度环境箱 | E45: 54260035250050 | F45: Temperature and humidity chamber | G45: 伟思富奇（太仓） | H45: C7-1000E series | I45: W1090 x D900 x H950mm=1000L | J45: 温度：-70~+150 °C；湿度：15% ~98 % RH（+ 10 ~ + 95 °C） 升降温速率：±2℃/min 耐功耗：2kw | K45: 25A，14KW | L45: 44753 | M45: 2022 | P45: A | Q45: CTI | R45: 现场 | S45: 一年 | T45: 46183 | U45: 46182 | V45: =U45+364 -> 46546 | W45: =U45+183 -> 46365 | X45: CSY-01
A46: SHAED-C | B46: SHAED-C043 | C46: TTE20221146 | D46: 温湿度环境箱 | E46: 22021201 | F46: Temperature and humidity chamber (for dynamometer) | G46: 帕捷Partner | H46: PTV1510-DU | I46: W1000 x D1000 x H1000mm=1000L | J46: 与SHAED-V041匹配 温度：-70~+150 °C 升降温速率：±2℃/min | K46: 29A，14KW | L46: 44755 | M46: 2022 | N46: 恒西路 | O46: 石越航 | P46: A | Q46: CTI | R46: 现场 | S46: 一年 | T46: 45887 | U46: 45880 | V46: =U46+364 -> 46244 | W46: =U46+183 -> 46063 | X46: CSY-07 | Y46: 编号变更 | Z46: 编号变更 | AA46: 编号变更
A47: SHAED-C | B47: SHAED-C044 | C47: TTE20223738 | D47: 温湿度环境箱-Pro | E47: 54260037680050 | F47: Temperature and humidity chamber (pro) | G47: 伟思富奇（太仓） | H47: C7-1500E series pro | I47: W1090 x D1430 x H950mm=1500L | J47: 温度：-70~+180 °C；湿度：15% ~98 % RH（+ 10 ~ + 95 °C） 升降温速率：±2℃/min Pro 耐功耗：2kw | K47: 29A，15.6KW | L47: 44788 | M47: 2022 | P47: A | Q47: CTI | R47: 现场 | S47: 一年 | T47: 46212 | U47: 46212 | V47: =U47+364 -> 46576 | W47: =T47+183 -> 46395 | X47: CSY-02
A48: SHAED-C | B48: SHAED-C045 | C48: TTE20223739 | D48: 温湿度环境箱-Pro | E48: 54260037680040 | F48: Temperature and humidity chamber (pro) | G48: 伟思富奇（太仓） | H48: C7-1500E series pro | I48: W1090 x D1430 x H950mm=1500L | J48: 温度：-70~+180 °C；湿度：15% ~98 % RH（+ 10 ~ + 95 °C） 升降温速率：±2℃/min Pro 耐功耗：2kw | K48: 29A，15.6KW | L48: 44788 | M48: 2022 | P48: A | Q48: CTI | R48: 现场 | S48: 一年 | T48: 46212 | U48: 46212 | V48: =U48+364 -> 46576 | W48: =T48+183 -> 46395 | X48: CSY-02
A49: SHAED-C | B49: SHAED-C046 | C49: TTE20223740 | D49: 温湿度环境箱 | E49: 54260037680030 | F49: Temperature and humidity chamber | G49: 伟思富奇（太仓） | H49: C7-340E series | I49: W580 x D760 x H750mm=340L | J49: 温度：-70~+150 °C；湿度：15% ~98 % RH（+ 10 ~ + 95 °C） 升降温速率：±2℃/min 耐功耗：2kw | K49: 15.3A，6.5KW | L49: 44788 | M49: 2022 | N49: 联东 | P49: A | Q49: CTI | R49: 现场 | S49: 一年 | T49: 46209 | U49: 46205 | V49: =U49+364 -> 46569 | W49: =T49+183 -> 46392 | X49: CSY-01
A50: SHAED-C | B50: SHAED-C047 | C50: TTE20223741 | D50: 温湿度环境箱 | E50: 54260037680020 | F50: Temperature and humidity chamber | G50: 伟思富奇（太仓） | H50: C7-340E series | I50: W580 x D760 x H750mm=340L | J50: 温度：-70~+150 °C；湿度：15% ~98 % RH（+ 10 ~ + 95 °C） 升降温速率：±2℃/min 耐功耗：2kw | K50: 15.3A，6.5KW | L50: 44788 | M50: 2022 | N50: 联东 | P50: A | Q50: CTI | R50: 现场 | S50: 一年 | T50: 46209 | U50: 46205 | V50: =U50+364 -> 46569 | W50: =T50+183 -> 46392 | X50: CSY-01
A51: SHAED-C | B51: SHAED-C048 | C51: TTE20223742 | D51: 温湿度环境箱 | E51: 54260037680010 | F51: Temperature and humidity chamber | G51: 伟思富奇（太仓） | H51: C7-1000E series | I51: W1090 x D900 x H950mm=1000L | J51: 温度：-70~+150 °C；湿度：15% ~98 % RH（+ 10 ~ + 95 °C） 升降温速率：±2℃/min 耐功耗：2kw | K51: 25A，14KW | L51: 44788 | M51: 2022 | P51: A | Q51: CTI | R51: 现场 | S51: 一年 | T51: 46212 | U51: 46212 | V51: =U51+364 -> 46576 | W51: =T51+183 -> 46395 | X51: CSY-01
A52: SHAED-C | B52: SHAED-C049 | C52: TTE20224424 | D52: 温湿度环境箱 | E52: 22062501 | F52: Temperature and humidity chamber | G52: 帕捷Partner | H52: PHV1720W-B0505 | I52: W2000 x D1000 x H1000mm=2000L | J52: 温度范围：-70~+150℃ 温度均匀度：≤2℃ 温度偏差：≤±2℃ 温度波动度：≤1℃ 湿度范围：10~98%R.H 湿度偏差：-3%~+2%RH（>75%RH),±5%RH（≤75%RH) 升温速率：全程平均2℃/min（50kg铝锭，-40~120℃，出风口检测） 降温速率：全程平均2℃/min（50kg铝锭，+120~-40℃，出风口检测） | K52: 37A，14KW | L52: 44853 | M52: 2022 | O52: 韩琦浩 | P52: A | Q52: CTI | R52: 现场 | S52: 一年 | T52: 45943 | U52: 45940 | V52: =U52+364 -> 46304 | W52: =U52+183 -> 46123 | X52: CSY-05
A53: SHAED-C | B53: SHAED-C050 | C53: TTE20224553 | D53: 温湿度环境箱 | E53: 22103001 | F53: Temperature and humidity chamber | G53: 帕捷Partner | H53: PMH7010-D | I53: W500 x D400 x H600mm=120L | J53: 温度范围：-70~+150℃ 温度均匀度：≤2℃ 温度偏差：≤±2℃ 温度波动度：≤1℃ 湿度范围：20~98%R.H 湿度偏差：-3%~+2%RH（>75%RH),±5%RH（≤75%RH) 升温速率：全程平均2℃/min（50kg铝锭，-40~120℃，出风口检测） 降温速率：全程平均2℃/min（50kg铝锭，+120~-40℃，出风口检测） | K53: 21A，5KW | L53: 44855 | M53: 2022 | N53: 联东 | O53: 王林华 | P53: A | Q53: CTI | R53: 现场 | S53: 一年 | T53: 45943 | U53: 45940 | V53: =U53+364 -> 46304 | W53: =U53+183 -> 46123 | X53: CSY-05
A54: SHAED-C | B54: SHAED-C051 | C54: TTE20224554 | D54: 温湿度环境箱 | E54: 22103002 | F54: Temperature and humidity chamber | G54: 帕捷Partner | H54: PMH7010-D | I54: W500 x D400 x H600mm=120L | J54: 温度范围：-70~+150℃ 温度均匀度：≤2℃ 温度偏差：≤±2℃ 温度波动度：≤1℃ 湿度范围：20~98%R.H 湿度偏差：-3%~+2%RH（>75%RH),±5%RH（≤75%RH) 升温速率：全程平均2℃/min（50kg铝锭，-40~120℃，出风口检测） 降温速率：全程平均2℃/min（50kg铝锭，+120~-40℃，出风口检测） | K54: 21A，5KW | L54: 44855 | M54: 2022 | N54: 联东 | O54: 王林华 | P54: A | Q54: CTI | R54: 现场 | S54: 一年 | T54: 45943 | U54: 45940 | V54: =U54+364 -> 46304 | W54: =U54+183 -> 46123 | X54: CSY-05
A55: SHAED-C | B55: SHAED-C052 | C55: TTE20224555 | D55: 温湿度环境箱 | E55: 22103003 | F55: Temperature and humidity chamber | G55: 帕捷Partner | H55: PMH7010-D | I55: W500 x D400 x H600mm=120L | J55: 温度范围：-70~+150℃ 温度均匀度：≤2℃ 温度偏差：≤±2℃ 温度波动度：≤1℃ 湿度范围：20~98%R.H 湿度偏差：-3%~+2%RH（>75%RH),±5%RH（≤75%RH) 升温速率：全程平均2℃/min（50kg铝锭，-40~120℃，出风口检测） 降温速率：全程平均2℃/min（50kg铝锭，+120~-40℃，出风口检测） | K55: 21A，5KW | L55: 44855 | M55: 2022 | N55: 联东 | O55: 王林华 | P55: A | Q55: CTI | R55: 现场 | S55: 一年 | T55: 45943 | U55: 45940 | V55: =U55+364 -> 46304 | W55: =U55+183 -> 46123 | X55: CSY-05
A56: SHAED-C | B56: SHAED-C053 | C56: TTE20224556 | D56: 温湿度环境箱 | E56: 22103004 | F56: Temperature and humidity chamber | G56: 帕捷Partner | H56: PMH7010-D | I56: W500 x D400 x H600mm=120L | J56: 温度范围：-70~+150℃ 温度均匀度：≤2℃ 温度偏差：≤±2℃ 温度波动度：≤1℃ 湿度范围：20~98%R.H 湿度偏差：-3%~+2%RH（>75%RH),±5%RH（≤75%RH) 升温速率：全程平均2℃/min（50kg铝锭，-40~120℃，出风口检测） 降温速率：全程平均2℃/min（50kg铝锭，+120~-40℃，出风口检测） | K56: 21A，5KW | L56: 44855 | M56: 2022 | N56: 联东 | O56: 王林华 | P56: A | Q56: CTI | R56: 现场 | S56: 一年 | T56: 45943 | U56: 45940 | V56: =U56+364 -> 46304 | W56: =U56+183 -> 46123 | X56: CSY-05
A57: SHAED-C | B57: SHAED-C054 | C57: TTE20224557 | D57: 温湿度环境箱 | E57: 22103005 | F57: Temperature and humidity chamber | G57: 帕捷Partner | H57: PMH7010-D | I57: W500 x D400 x H600mm=120L | J57: 温度范围：-70~+150℃ 温度均匀度：≤2℃ 温度偏差：≤±2℃ 温度波动度：≤1℃ 湿度范围：20~98%R.H 湿度偏差：-3%~+2%RH（>75%RH),±5%RH（≤75%RH) 升温速率：全程平均2℃/min（50kg铝锭，-40~120℃，出风口检测） 降温速率：全程平均2℃/min（50kg铝锭，+120~-40℃，出风口检测） | K57: 21A，5KW | L57: 44855 | M57: 2022 | N57: 联东 | P57: A | Q57: CTI | R57: 现场 | S57: 一年 | T57: 45943 | U57: 45940 | V57: =U57+364 -> 46304 | W57: =U57+183 -> 46123 | X57: CSY-05
A58: SHAED-C | B58: SHAED-C055 | C58: TTE20224558 | D58: 温湿度环境箱 | E58: 22103006 | F58: Temperature and humidity chamber | G58: 帕捷Partner | H58: PMH7010-D | I58: W500 x D400 x H600mm=120L | J58: 温度范围：-70~+150℃ 温度均匀度：≤2℃ 温度偏差：≤±2℃ 温度波动度：≤1℃ 湿度范围：20~98%R.H 湿度偏差：-3%~+2%RH（>75%RH),±5%RH（≤75%RH) 升温速率：全程平均2℃/min（50kg铝锭，-40~120℃，出风口检测） 降温速率：全程平均2℃/min（50kg铝锭，+120~-40℃，出风口检测） | K58: 21A，5KW | L58: 44855 | M58: 2022 | N58: 联东 | P58: A | Q58: CTI | R58: 现场 | S58: 一年 | T58: 45943 | U58: 45940 | V58: =U58+364 -> 46304 | W58: =U58+183 -> 46123 | X58: CSY-05
A59: SHAED-C | B59: SHAED-C056 | C59: TTE20224559 | D59: 温湿度环境箱 | E59: 22103007 | F59: Temperature and humidity chamber | G59: 帕捷Partner | H59: PMH7010-D | I59: W500 x D400 x H600mm=120L | J59: 温度范围：-70~+150℃ 温度均匀度：≤2℃ 温度偏差：≤±2℃ 温度波动度：≤1℃ 湿度范围：20~98%R.H 湿度偏差：-3%~+2%RH（>75%RH),±5%RH（≤75%RH) 升温速率：全程平均2℃/min（50kg铝锭，-40~120℃，出风口检测） 降温速率：全程平均2℃/min（50kg铝锭，+120~-40℃，出风口检测） | K59: 21A，5KW | L59: 44855 | M59: 2022 | N59: 联东 | P59: A | Q59: CTI | R59: 现场 | S59: 一年 | T59: 45943 | U59: 45940 | V59: =U59+364 -> 46304 | W59: =U59+183 -> 46123 | X59: CSY-05
A60: SHAED-C | B60: SHAED-C057 | C60: TTE20224560 | D60: 温湿度环境箱 | E60: 22103008 | F60: Temperature and humidity chamber | G60: 帕捷Partner | H60: PMH7010-D | I60: W500 x D400 x H600mm=120L | J60: 温度范围：-70~+150℃ 温度均匀度：≤2℃ 温度偏差：≤±2℃ 温度波动度：≤1℃ 湿度范围：20~98%R.H 湿度偏差：-3%~+2%RH（>75%RH),±5%RH（≤75%RH) 升温速率：全程平均2℃/min（50kg铝锭，-40~120℃，出风口检测） 降温速率：全程平均2℃/min（50kg铝锭，+120~-40℃，出风口检测） | K60: 21A，5KW | L60: 44855 | M60: 2022 | N60: 联东 | P60: A | Q60: CTI | R60: 现场 | S60: 一年 | T60: 46303 | U60: 46222 | V60: =U60+364 -> 46586 | W60: =U60+183 -> 46405 | X60: CSY-05
A61: SHAED-C | B61: SHAED-C058 | C61: TTE20230754 | D61: 温湿度环境箱 | E61: GZ221556 | F61: Temperature and humidity chamber | G61: 重庆阿泰可ATEC | H61: SU1500C | I61: W1000 x D1250 x H1200mm=1500L | J61: 温度：-70~+150 °C；湿度：10% ~98 % RH（+ 10 ~ + 90 °C） 升降温速率：≥2℃/min | K61: 28A，10KW | L61: 44963 | M61: 2023 | P61: A | Q61: CTI | R61: 现场 | S61: 一年 | T61: 45323 | U61: 2024/1/23 转重庆汽车 | V61: =U61+365 -> #VALUE! | W61: =U61+183 -> #VALUE! | X61: CSY-05 | Y61: 转重庆汽车 | Z61: 转重庆汽车 | AA61: 转重庆汽车
A62: SHAED-C | B62: SHAED-C059 | C62: TTE20230755 | D62: 温湿度环境箱 | E62: GZ221557 | F62: Temperature and humidity chamber | G62: 重庆阿泰可ATEC | H62: SU1500C | I62: W1000 x D1250 x H1200mm=1500L | J62: 温度：-70~+150 °C；湿度：10% ~98 % RH（+ 10 ~ + 90 °C） 升降温速率：≥2℃/min | K62: 28A，10KW | L62: 44963 | M62: 2023 | P62: A | Q62: CTI | R62: 现场 | S62: 一年 | T62: 45323 | U62: 2024/1/24 转重庆汽车 | V62: =U62+365 -> #VALUE! | W62: =U62+183 -> #VALUE! | X62: CSY-05 | Y62: 转重庆汽车 | Z62: 转重庆汽车 | AA62: 转重庆汽车
A63: SHAED-C | B63: SHAED-C060 | C63: TTE20230756 | D63: 温湿度环境箱 | E63: GZ221558 | F63: Temperature and humidity chamber | G63: 重庆阿泰可ATEC | H63: SU1500C | I63: W1000 x D1250 x H1200mm=1500L | J63: 温度：-70~+150 °C；湿度：10% ~98 % RH（+ 10 ~ + 90 °C） 升降温速率：≥2℃/min | K63: 28A，10KW | L63: 44963 | M63: 2023 | P63: A | Q63: CTI | R63: 现场 | S63: 一年 | T63: 45323 | U63: 2024/1/25 转重庆汽车 | V63: =U63+365 -> #VALUE! | W63: =U63+183 -> #VALUE! | X63: CSY-05 | Y63: 转重庆汽车 | Z63: 转重庆汽车 | AA63: 转重庆汽车
A64: SHAED-C | B64: SHAED-C061 | C64: TTE20230757 | D64: 温湿度环境箱 | E64: GZ221559 | F64: Temperature and humidity chamber | G64: 重庆阿泰可ATEC | H64: SU1500C | I64: W1000 x D1250 x H1200mm=1500L | J64: 温度：-70~+150 °C；湿度：10% ~98 % RH（+ 10 ~ + 90 °C） 升降温速率：≥2℃/min | K64: 28A，10KW | L64: 44963 | M64: 2023 | P64: A | Q64: CTI | R64: 现场 | S64: 一年 | T64: 45323 | U64: 2024/1/26 转重庆汽车 | V64: =U64+365 -> #VALUE! | W64: =U64+183 -> #VALUE! | X64: CSY-05 | Y64: 转重庆汽车 | Z64: 转重庆汽车 | AA64: 转重庆汽车
A65: SHAED-C | B65: SHAED-C062 | C65: TTE20231177 | D65: 温湿度环境箱-匹配振动台 | E65: 22-1083 | F65: Temperature and humidity chamber (for vibration Equipment) | G65: 宏瑞达 | H65: HTHV6000-40WL | I65: 6000L | J65: 与SHAED-V065匹配 温度：-40~+150 °C 温度偏差：≤±2℃ 温度波动度：≤±0.5℃ 升温速率：线性 ＞1℃/min（带载200kg铝，-40~120℃） 降温速率：平均＞1℃/min（带载200kg铝，+85~-40℃） 温度均匀度：≤±2℃ 湿度：20% ~98 % RH（+ 20 ~ + 85 °C） | K65: 90A，34KW | L65: 45017 | M65: 2023 | O65: 张杰 | P65: A | Q65: CTI | R65: 现场 | S65: 一年 | T65: 46076 | U65: 46065 | V65: =U65+364 -> 46429 | W65: =U65+183 -> 46248 | X65: CSY-08
A66: SHAED-C | B66: SHAED-C063 | C66: TTE20231178 | D66: 温湿度环境箱-匹配振动台 | E66: 22-1082 | F66: Temperature and humidity chamber (for vibration Equipment) | G66: 宏瑞达 | H66: HTHV3500-40WL | I66: 3500L | J66: 与SHAED-V064匹配 温度：-40~+150 °C 温度偏差：≤±2℃ 温度波动度：≤±0.5℃ 升温速率：线性 ＞1℃/min（带载200kg铝，-40~120℃） 降温速率：平均＞1℃/min（带载200kg铝，+85~-40℃） 温度均匀度：≤±2℃ 湿度：20% ~98 % RH（+ 20 ~ + 85 °C） | K66: 60A，24KW | L66: 45017 | M66: 2023 | O66: 张杰 | P66: A | Q66: CTI | R66: 现场 | S66: 一年 | T66: 46076 | U66: 46065 | V66: =U66+364 -> 46429 | W66: =U66+183 -> 46248 | X66: CSY-08
A67: SHAED-C | B67: SHAED-C064 | C67: TTE20231179 | D67: 温湿度环境箱-匹配振动台 | E67: 22-1081 | F67: Temperature and humidity chamber (for vibration Equipment) | G67: 宏瑞达 | H67: HTHV3500-40W | I67: 3500L | J67: 与SHAED-V063匹配 温度：-40~+150 °C 温度偏差：≤±2℃ 温度波动度：≤±0.5℃ 升温速率：线性 ＞1℃/min（带载200kg铝，-40~120℃） 降温速率：平均＞1℃/min（带载200kg铝，+85~-40℃） 温度均匀度：≤±2℃ 湿度：20% ~98 % RH（+ 20 ~ + 85 °C） | K67: 60A，24KW | L67: 45017 | M67: 2023 | O67: 张杰 | P67: A | Q67: CTI | R67: 现场 | S67: 一年 | T67: 46076 | U67: 46065 | V67: =U67+364 -> 46429 | W67: =U67+183 -> 46248 | X67: CSY-08
A68: SHAED-C | B68: SHAED-C065 | C68: TTE20241306 | D68: 温湿度环境箱 | E68: 54260044130010 | F68: Temperature and humidity chamber | G68: 伟思富奇（太仓） | H68: C/1500/70/3 | I68: 1500L | J68: 温度：-70~+150 °C；湿度：15% ~98 % RH（+ 10 ~ + 95 °C） 升降温速率：±2℃/min 耐功耗：2kw | K68: 25A,14KW | L68: 45443 | M68: 2024 | N68: 联东 | O68: 石越航 | P68: A | Q68: CTI | R68: 现场 | S68: 一年 | T68: 46138 | U68: 46126 | V68: =U68+364 -> 46490 | W68: =U68+183 -> 46309 | X68: CSY-01
A69: SHAED-C | B69: SHAED-C066 | C69: TTE20241307 | D69: 温湿度环境箱 | E69: 54260044130040 | F69: Temperature and humidity chamber | G69: 伟思富奇（太仓） | H69: C/1500/70/3 | I69: 1500L | J69: 温度：-70~+150 °C；湿度：15% ~98 % RH（+ 10 ~ + 95 °C） 升降温速率：±2℃/min 耐功耗：2kw | K69: 25A,14KW | L69: 45443 | M69: 2024 | N69: 联东 | O69: 石越航 | P69: A | Q69: CTI | R69: 现场 | S69: 一年 | T69: 46138 | U69: 46126 | V69: =U69+364 -> 46490 | W69: =U69+183 -> 46309 | X69: CSY-01
A70: SHAED-C | B70: SHAED-C067 | C70: TTE20241308 | D70: 温湿度环境箱 | E70: 54260044130030 | F70: Temperature and humidity chamber | G70: 伟思富奇（太仓） | H70: C/1500/70/3 | I70: 1500L | J70: 温度：-70~+150 °C；湿度：15% ~98 % RH（+ 10 ~ + 95 °C） 升降温速率：±2℃/min 耐功耗：2kw | K70: 25A,14KW | L70: 45443 | M70: 2024 | N70: 联东 | O70: 石越航 | P70: A | Q70: CTI | R70: 现场 | S70: 一年 | T70: 46490 | U70: 46148 | V70: =U70+364 -> 46512 | W70: =U70+183 -> 46331 | X70: CSY-01
A71: SHAED-C | B71: SHAED-C068 | C71: TTE20241309 | D71: 温湿度环境箱 | E71: 54260044130020 | F71: Temperature and humidity chamber | G71: 伟思富奇（太仓） | H71: C/1500/70/3 | I71: 1500L | J71: 温度：-70~+150 °C；湿度：15% ~98 % RH（+ 10 ~ + 95 °C） 升降温速率：±2℃/min 耐功耗：2kw | K71: 25A,14KW | L71: 45443 | M71: 2024 | N71: 联东 | O71: 石越航 | P71: A | Q71: CTI | R71: 现场 | S71: 一年 | T71: 46139 | U71: 46126 | V71: =U71+364 -> 46490 | W71: =U71+183 -> 46309 | X71: CSY-01
A72: SHAED-C | B72: SHAED-C069 | C72: TTE20241310 | D72: 温湿度环境箱 | E72: 54260044130070 | F72: Temperature and humidity chamber | G72: 伟思富奇（太仓） | H72: C/1500/70/3 | I72: 1500L | J72: 温度：-70~+150 °C；湿度：15% ~98 % RH（+ 10 ~ + 95 °C） 升降温速率：±2℃/min 耐功耗：2kw | K72: 25A,14KW | L72: 45443 | M72: 2024 | N72: 联东 | O72: 石越航 | P72: A | Q72: CTI | R72: 现场 | S72: 一年 | T72: 46490 | U72: 46148 | V72: =U72+364 -> 46512 | W72: =U72+183 -> 46331 | X72: CSY-01
A73: SHAED-C | B73: SHAED-C070 | C73: TTE20241311 | D73: 温湿度环境箱 | E73: 54260044130050 | F73: Temperature and humidity chamber | G73: 伟思富奇（太仓） | H73: C/1500/70/3 | I73: 1500L | J73: 温度：-70~+150 °C；湿度：15% ~98 % RH（+ 10 ~ + 95 °C） 升降温速率：±2℃/min 耐功耗：2kw | K73: 25A,14KW | L73: 45443 | M73: 2024 | N73: 联东 | O73: 石越航 | P73: A | Q73: CTI | R73: 现场 | S73: 一年 | T73: 46126 | U73: 46126 | V73: =U73+364 -> 46490 | W73: =U73+183 -> 46309 | X73: CSY-01
A74: SHAED-C | B74: SHAED-C071 | C74: TTE20241312 | D74: 温湿度环境箱 | E74: 54260044130100 | F74: Temperature and humidity chamber | G74: 伟思富奇（太仓） | H74: C/1500/70/3 | I74: 1500L | J74: 温度：-70~+150 °C；湿度：15% ~98 % RH（+ 10 ~ + 95 °C） 升降温速率：±2℃/min 耐功耗：2kw | K74: 25A,14KW | L74: 45443 | M74: 2024 | N74: 联东 | O74: 石越航 | P74: A | Q74: CTI | R74: 现场 | S74: 一年 | T74: 46126 | U74: 46126 | V74: =U74+364 -> 46490 | W74: =U74+183 -> 46309 | X74: CSY-01
A75: SHAED-C | B75: SHAED-C072 | C75: TTE20241313 | D75: 温湿度环境箱 | E75: 54260044130090 | F75: Temperature and humidity chamber | G75: 伟思富奇（太仓） | H75: C/1500/70/3 | I75: 1500L | J75: 温度：-70~+150 °C；湿度：15% ~98 % RH（+ 10 ~ + 95 °C） 升降温速率：±2℃/min 耐功耗：2kw | K75: 25A,14KW | L75: 45443 | M75: 2024 | N75: 联东 | O75: 石越航 | P75: A | Q75: CTI | R75: 现场 | S75: 一年 | T75: 46164 | U75: 46148 | V75: =U75+364 -> 46512 | W75: =U75+183 -> 46331 | X75: CSY-01
A76: SHAED-C | B76: SHAED-C073 | C76: TTE20241314 | D76: 温湿度环境箱 | E76: 54260044130060 | F76: Temperature and humidity chamber | G76: 伟思富奇（太仓） | H76: C/1500/70/3 | I76: 1500L | J76: 温度：-70~+150 °C；湿度：15% ~98 % RH（+ 10 ~ + 95 °C） 升降温速率：±2℃/min 耐功耗：2kw | K76: 25A,14KW | L76: 45443 | M76: 2024 | N76: 联东 | O76: 石越航 | P76: A | Q76: CTI | R76: 现场 | S76: 一年 | T76: 46164 | U76: 46163 | V76: =U76+364 -> 46527 | W76: =U76+183 -> 46346 | X76: CSY-01
A77: SHAED-C | B77: SHAED-C074 | C77: TTE20241315 | D77: 温湿度环境箱 | E77: 54260044130080 | F77: Temperature and humidity chamber | G77: 伟思富奇（太仓） | H77: C/1500/70/3 | I77: 1500L | J77: 温度：-70~+150 °C；湿度：15% ~98 % RH（+ 10 ~ + 95 °C） 升降温速率：±2℃/min 耐功耗：2kw | K77: 25A,14KW | L77: 45443 | M77: 2024 | N77: 联东 | O77: 石越航 | P77: A | Q77: CTI | R77: 现场 | S77: 一年 | T77: 46164 | U77: 46163 | V77: =U77+364 -> 46527 | W77: =U77+183 -> 46346 | X77: CSY-01
A78: SHAED-C | B78: SHAED-C075 | C78: TTE20241321 | D78: 步入式环境试验箱 | E78: T240406 | F78: Walk-In environmental chamber | G78: 拓米洛（TOMILO） | H78: TOFH-4050EXL | I78: 4050L | J78: 温度范围：-40℃~+150℃ 温度均匀度：≤2℃（-40℃~+100℃），其余为≤3℃ 温度波动度：≤1℃ 温度偏差：±2℃ 湿度范围：10%RH~98%RH 相对湿度偏差：＞75%RH，±3%RH,≤75%RH，±5%RH 升温速率：2°C/min(20~150℃C) 降温速率：1°C/min(20~-40℃) | K78: 58A,35KW | L78: 45450 | M78: 2024 | N78: 恒西路 | O78: 石越航 | P78: A | Q78: CTI | R78: 现场 | S78: 一年 | T78: 46164 | U78: 46164 | V78: =U78+364 -> 46528 | W78: =U78+183 -> 46347 | X78: CSY-09
A79: SHAED-C | B79: SHAED-C076 | C79: TTE20241322 | D79: 步入式环境试验箱 | E79: T240407 | F79: Walk-In environmental chamber | G79: 拓米洛（TOMILO） | H79: TOFH-4050EXL | I79: 4050L | J79: 温度范围：-40℃~+150℃ 温度均匀度：≤2℃（-40℃~+100℃），其余为≤3℃ 温度波动度：≤1℃ 温度偏差：±2℃ 湿度范围：10%RH~98%RH 相对湿度偏差：＞75%RH，±3%RH,≤75%RH，±5%RH 升温速率：2°C/min(20~150℃C) 降温速率：1°C/min(20~-40℃) | K79: 58A,35KW | L79: 45450 | M79: 2024 | N79: 联东 | O79: 石越航 | P79: A | Q79: CTI | R79: 现场 | S79: 一年 | T79: 46139 | U79: 46126 | V79: =U79+364 -> 46490 | W79: =U79+183 -> 46309 | X79: CSY-09
A80: SHAED-C | B80: SHAED-C077 | C80: TTE20245162 | D80: MCU台架环境箱 | E80: 202400169 | F80: Temperature and humidity chamber | G80: 重庆银河 | H80: SC7-1900/4 | I80: W2000 x D815 x H1000mm | J80: 温度范围：-70℃~+180℃ 温度均匀度：≤2℃ 温度波动度：±0.1~±0.5℃ 温度偏差：±0.5~±2℃ 湿度范围：10%RH~98%RH 相对湿度偏差：＞75%RH，+2~3%RH, ≤75%RH，±5%RH 升温速率：≥2.5℃/min(-40~85℃) 降温速率：≥2.5℃/min(85~-40℃) | K80: 30.8A,20.3KW | L80: 45462 | M80: 2024 | Y80: 编号变更 | Z80: 编号变更 | AA80: 编号变更
A81: SHAED-C | B81: SHAED-C078 | C81: TTE20245163 | D81: 温湿度环境箱 | E81: 202400170 | F81: Temperature and humidity chamber | G81: 重庆银河 | H81: SC7-1900/4 | I81: W2000 x D815 x H1000mm | J81: 温度范围：-70℃~+180℃ 温度均匀度：≤2℃ 温度波动度：±0.1~±0.5℃ 温度偏差：±0.5~±2℃ 湿度范围：10%RH~98%RH 相对湿度偏差：＞75%RH，+2~3%RH, ≤75%RH，±5%RH 升温速率：≥2.5℃/min(-40~85℃) 降温速率：≥2.5℃/min(85~-40℃) | K81: 30.8A,20.3KW | L81: 45462 | M81: 2024 | N81: 恒西路 | O81: 石越航 | P81: A | Q81: CTI | R81: 现场 | S81: 一年 | T81: 46182 | U81: 46140 | V81: =U81+364 -> 46504 | W81: =U81+183 -> 46323 | X81: CSY-10 | Y81: 编号变更 | Z81: 编号变更 | AA81: 编号变更
A82: SHAED-C | B82: SHAED-C079 | C82: TTE20245164 | D82: 温湿度环境箱 | E82: 202400168 | F82: Temperature and humidity chamber | G82: 重庆银河 | H82: SC7-1900/4 | I82: W2000 x D815 x H1000mm | J82: 温度范围：-70℃~+180℃ 温度均匀度：≤2℃ 温度波动度：±0.1~±0.5℃ 温度偏差：±0.5~±2℃ 湿度范围：10%RH~98%RH 相对湿度偏差：＞75%RH，+2~3%RH, ≤75%RH，±5%RH 升温速率：≥2.5℃/min(-40~85℃) 降温速率：≥2.5℃/min(85~-40℃) | K82: 30.8A,20.3KW | L82: 45462 | M82: 2024 | N82: 恒西路 | O82: 石越航 | P82: A | Q82: CTI | R82: 现场 | S82: 一年 | T82: 46182 | U82: 46176 | V82: =U82+364 -> 46540 | W82: =U82+183 -> 46359 | X82: CSY-10 | Y82: 编号变更 | Z82: 编号变更 | AA82: 编号变更
A83: SHAED-C | B83: SHAED-C080 | C83: TTE202523456 | D83: 温湿度环境箱-匹配振动台 | E83: 25-06095-1 | F83: Temperature and humidity chamber (for vibration Equipment) | G83: 宏瑞达 | H83: HTHV2550-40W | J83: 与SHAED-V074匹配 温度：-40~+150 °C 温度偏差：≤±2℃ 温度波动度：≤±0.5℃ 升温速率：线性 ＞1℃/min 降温速率：平均＞1℃/min 温度均匀度：≤±2℃ 湿度：20% ~98 % RH（+ 20 ~ + 85 °C） | K83: 33KW | M83: 2025 | N83: 恒西路 | O83: 石越航 | P83: A | Q83: CTI | R83: 现场 | U83: 45978 | V83: =U83+364 -> 46342 | W83: =U83+183 -> 46161 | X83: CSY-08
A84: SHAED-C | B84: SHAED-C081 | C84: TTE202523457 | D84: 温湿度环境箱-匹配振动台 | E84: 25-06095-2 | F84: Temperature and humidity chamber (for vibration Equipment) | G84: 宏瑞达 | H84: HTHV2550-40W | J84: 与SHAED-V075匹配 温度：-40~+150 °C 温度偏差：≤±2℃ 温度波动度：≤±0.5℃ 升温速率：线性 ＞1℃/min 降温速率：平均＞1℃/min 温度均匀度：≤±2℃ 湿度：20% ~98 % RH（+ 20 ~ + 85 °C） | K84: 33KW | M84: 2025 | N84: 恒西路 | O84: 石越航 | P84: A | Q84: CTI | R84: 现场 | U84: 45978 | V84: =U84+364 -> 46342 | W84: =U84+183 -> 46161 | X84: CSY-08
A85: SHAED-C | B85: SHAED-C082 | C85: TTE202603628 | D85: 温湿度环境箱 | E85: 26031824 | F85: Walk-In environmental chamber | G85: 帕捷Partner | H85: PHV1545W-Z1010 | I85: D1800*W1800*H1400mm | J85: 温度范围：-50~+150℃ 温度均匀度：≤2℃ 温度偏差：≤±2℃ 温度波动度：≤1℃ 湿度范围：10~98%R.H 速率：1℃/min 承重：底板100kg/m² 均布 | K85: 53A,43KW | M85: 2026 | N85: 恒西路 | O85: 石越航 | P85: A | Q85: CTI | R85: 现场 | U85: 46148 | V85: =U85+364 -> 46512 | W85: =U85+183 -> 46331 | X85: CSY-10
A86: SHAED-C | B86: SHAED-C083 | C86: TTE202606981 | D86: 温湿度环境箱 | E86: 26031825 | F86: Walk-In environmental chamber | G86: 帕捷Partner | H86: PHV1545W-Z1010 | I86: D1800*W1800*H1400mm | J86: 温度范围：-50~+150℃ 温度均匀度：≤2℃ 温度偏差：≤±2℃ 温度波动度：≤1℃ 湿度范围：20~98%R.H 速率：1℃/min 承重：底板100kg/m² 均布 | K86: 53A,43KW | M86: 2026 | N86: 联东 | P86: A | Q86: CTI | R86: 现场 | U86: 46197 | V86: =U86+364 -> 46561 | W86: =U86+183 -> 46380
A87: SHAED-C | B87: SHAED-C084 | C87: TTE202608093 | D87: 温湿度环境箱-匹配振动台 | E87: 26-03030 | F87: Temperature and humidity chamber (for vibration Equipment) | G87: 宏瑞达 | H87: HTHV2550-40W | I87: W1500×D1500×H1000 mm | J87: 与SHAED-V121匹配 温度：-40~+150 °C 温度偏差：≤±2℃ 温度波动度：≤±0.5℃ 升温速率： ＞1℃/min 降温速率：＞1℃/min 温度均匀度：≤±2℃ 湿度：20% ~98 % RH | K87: 33kw | M87: 2026 | N87: 联东 | P87: A | Q87: CTI | R87: 现场 | U87: 46220 | V87: =U87+364 -> 46584 | W87: =U87+183 -> 46403
A88: SHAED-C | B88: SHAED-C085 | C88: TTE202608095 | D88: 温湿度环境箱-匹配振动台 | E88: 26-03031 | F88: Temperature and humidity chamber (for vibration Equipment) | G88: 宏瑞达 | H88: HTHV2550-40W | I88: W1500×D1700×H1000 mm | J88: 与SHAED-V122匹配 温度：-40~+150 °C 温度偏差：≤±2℃ 温度波动度：≤±0.5℃ 升温速率： ＞1℃/min 降温速率：＞1℃/min 温度均匀度：≤±2℃ 湿度：20% ~98 % RH | K88: 33kw | M88: 2026 | N88: 联东 | P88: A | Q88: CTI | R88: 现场 | U88: 46220 | V88: =U88+364 -> 46584 | W88: =U88+183 -> 46403
A89: SHAED-C | B89: SHAED-C086 | C89: TTE202608094 | D89: 温湿度环境箱-匹配振动台 | E89: 26-03032 | F89: Temperature and humidity chamber (for vibration Equipment) | G89: 宏瑞达 | H89: HTHV1300-40W5 | I89: W1000×D1300×H1000 mm | J89: 与SHAED-V123匹配 温度：-40~+150 °C 温度偏差：≤±2℃ 温度波动度：≤±0.5℃ 升温速率： ＞5℃/min 降温速率：＞5℃/min 温度均匀度：≤±2℃ 湿度：20% ~98 % RH | K89: 23kw | M89: 2026 | N89: 联东 | P89: A | Q89: CTI | R89: 现场 | U89: 46220 | V89: =U89+364 -> 46584 | W89: =U89+183 -> 46403
A90: SHAED-C | B90: SHAED-C087 | C90: TTE202607934 | D90: 温湿度环境箱 | E90: 26031819 | F90: Temperature and humidity chamber | G90: 帕捷Partner | H90: PHV1710W-DU | I90: W1000 x D1000 x H1000mm=1000L | J90: 温度范围：-70~+150℃ 温度均匀度：≤2℃ 温度偏差：≤±2℃ 温度波动度：≤1℃ 湿度范围：10~98%R.H 速率：1℃/min | K90: 29A，16KW | M90: 2026 | N90: 恒西路 | O90: 石越航 | P90: A | Q90: CTI | R90: 现场 | U90: 46209 | V90: =U90+364 -> 46573 | W90: =U90+183 -> 46392
A91: SHAED-C | B91: SHAED-C088 | C91: TTE202607935 | D91: 温湿度环境箱 | E91: 26031820 | F91: Temperature and humidity chamber | G91: 帕捷Partner | H91: PHV1710W-DU | I91: W1000 x D1000 x H1000mm=1000L | J91: 温度范围：-70~+150℃ 温度均匀度：≤2℃ 温度偏差：≤±2℃ 温度波动度：≤1℃ 湿度范围：10~98%R.H 速率：1℃/min | K91: 29A，16KW | M91: 2026 | N91: 恒西路 | O91: 石越航 | P91: A | Q91: CTI | R91: 现场 | U91: 46209 | V91: =U91+364 -> 46573 | W91: =U91+183 -> 46392
A92: SHAED-C | B92: SHAED-C089 | C92: TTE202607936 | D92: 温湿度环境箱 | E92: 26031818 | F92: Temperature and humidity chamber | G92: 帕捷Partner | H92: PHV1710W-DU | I92: W1000 x D1000 x H1000mm=1000L | J92: 温度范围：-70~+150℃ 温度均匀度：≤2℃ 温度偏差：≤±2℃ 温度波动度：≤1℃ 湿度范围：10~98%R.H 速率：1℃/min | K92: 29A，16KW | M92: 2026 | N92: 恒西路 | O92: 石越航 | P92: A | Q92: CTI | R92: 现场 | U92: 46209 | V92: =U92+364 -> 46573 | W92: =U92+183 -> 46392
A93: SHAED-C | B93: SHAED-C090 | C93: TTE202607937 | D93: 温湿度环境箱 | E93: 26031823 | F93: Temperature and humidity chamber | G93: 帕捷Partner | H93: PHV1710W-DU | I93: W1000 x D1000 x H1000mm=1000L | J93: 温度范围：-70~+150℃ 温度均匀度：≤2℃ 温度偏差：≤±2℃ 温度波动度：≤1℃ 湿度范围：10~98%R.H 速率：1℃/min | K93: 29A，16KW | M93: 2026 | N93: 恒西路 | O93: 石越航 | P93: A | Q93: CTI | R93: 现场 | U93: 46209 | V93: =U93+364 -> 46573 | W93: =U93+183 -> 46392
A94: SHAED-C | B94: SHAED-C091 | C94: TTE202607938 | D94: 温湿度环境箱 | E94: 26031821 | F94: Temperature and humidity chamber | G94: 帕捷Partner | H94: PHV1710W-DU | I94: W1000 x D1000 x H1000mm=1000L | J94: 温度范围：-70~+150℃ 温度均匀度：≤2℃ 温度偏差：≤±2℃ 温度波动度：≤1℃ 湿度范围：10~98%R.H 速率：1℃/min | K94: 29A，16KW | M94: 2026 | N94: 恒西路 | O94: 石越航 | P94: A | Q94: CTI | R94: 现场 | U94: 46209 | V94: =U94+364 -> 46573 | W94: =U94+183 -> 46392
A95: SHAED-C | B95: SHAED-C092 | C95: TTE202607939 | D95: 温湿度环境箱 | E95: 26031822 | F95: Temperature and humidity chamber | G95: 帕捷Partner | H95: PHV1710W-DU | I95: W1000 x D1000 x H1000mm=1000L | J95: 温度范围：-70~+150℃ 温度均匀度：≤2℃ 温度偏差：≤±2℃ 温度波动度：≤1℃ 湿度范围：10~98%R.H 速率：1℃/min | K95: 29A，16KW | M95: 2026 | N95: 恒西路 | O95: 石越航 | P95: A | Q95: CTI | R95: 现场 | U95: 46209 | V95: =U95+364 -> 46573 | W95: =U95+183 -> 46392 | Y95: 编号变更 | Z95: 编号变更 | AA95: 编号变更
A96: SHAED-C | B96: SHAED-C093 | C96: TTE202611183 | D96: 分体式高低温试验箱 | G96: 上海苏盈 | H96: KSWB-1000T | M96: 2026 | N96: 恒西路 | O96: 石越航 | P96: A | Q96: CTI | R96: 现场 | W96: =U96+183 -> 183
A97: SHAED-C | B97: SHAED-C094 | C97: TTE202611621 | D97: 高低温试验箱 | E97: GDW20260901036 | F97: Temperature chamber | G97: 上海苏盈 | H97: GDJ-1600C | I97: W1600 x D1000 x H1000mm=1600L | J97: 温度：-50~+150 °C 升降温速率：±2℃/min | K97: 14KW | M97: 2026 | N97: 联东 | P97: A | Q97: CTI | R97: 现场 | W97: =U97+183 -> 183 | X97: CSY-07
A98: SHAED-C | B98: SHAED-C095 | C98: TTE202611622 | D98: 高低温试验箱 | E98: GDW20260901037 | F98: Temperature chamber | G98: 上海苏盈 | H98: GDJ-1600C | I98: W1600 x D1000 x H1000mm=1600L | J98: 温度：-50~+150 °C 升降温速率：±2℃/min | K98: 14KW | M98: 2026 | N98: 联东 | P98: A | Q98: CTI | R98: 现场 | W98: =U98+183 -> 183 | X98: CSY-07
A99: SHAED-C | B99: SHAED-C096 | C99: NA | D99: 温湿度环境箱 | E99: AZ1016017 | F99: Temperature and humidity chamber | G99: 增达 | H99: EEXTH340U | J99: 温度范围：-70~+150℃ 温度均匀度：≤2℃ 温度偏差：≤±2℃ 温度波动度：≤1℃ 湿度范围：10~98%R.H 速率：2℃/min | K99: 9KW，18A | P99: A | Q99: CTI | R99: 现场 | U99: 46282 | V99: =U99+364 -> 46646 | W99: =U99+183 -> 46465
A100: SHAED-E | B100: SHAED-E001 | C100: TTE20131825 | D100: 电子负载 | E100: 600495010687110015 | F100: Electronic load | G100: 美国艾德克斯ITECH | H100: IT8512C+ | I100: NA | J100: 120V/60A/300W 精度与解析度：1mV/0.1mA；测量精度：±0.02%+0.02%FS/0.1%+0.02%FS；通讯接口：GPIB/USB/RS232 | K100: NA | L100: =VLOOKUP(C100,设备卡片列表!A:I,6,FALSE) -> 2013-10-25 | M100: 2013 | O100: 许宇峰 | P100: A | Q100: CTI | R100: 现场 | S100: 一年 | T100: 45890 | U100: 45910 | V100: =U100+364 -> 46274 | W100: NA | X100: ESY-07
...

Sheet 设备搜索
B1: 将短号填入下方搜索栏
B2: SHAED-C064
B3: 设备编号 | C3: 内部编号 | D3: 出厂编号 | E3: 设备名称 | F3: Equipment | G3: 制造厂商 | H3: 型号 | I3: 设备尺寸 | J3: 主要参数 | K3: 能耗 | L3: 投入使用时间 | M3: 到货日期 | N3: 放置地点 | O3: 负责人 | P3: 授权设备分类 | Q3: 校准机构 | R3: 校准有效期 | S3: 校准 地点 | T3: 上次校准有效期 | U3: 校准时间 | V3: 计划校准时间 | W3: 期间核查 | X3: 溯源计划 | Y3: 校准计划 | Z3: 校准状态 | AA3: 备注 | AB3: 与校准确定好时间 标记在预定表上 | AC3: 当天实际校准好 | AD3: 拿到没问题报告 | AE3: 校准确认好
B4: {=_xlfn._xlws.FILTER(设备清单!B2:AA2181,LEFT(设备清单!B2:B2181,LEN(B2))=B2,"none")} -> SHAED-C064 | C4: TTE20231179 | D4: 温湿度环境箱-匹配振动台 | E4: 22-1081 | F4: Temperature and humidity chamber (for vibration Equipment) | G4: 宏瑞达 | H4: HTHV3500-40W | I4: 3500L | J4: 与SHAED-V063匹配 温度：-40~+150 °C 温度偏差：≤±2℃ 温度波动度：≤±0.5℃ 升温速率：线性 ＞1℃/min（带载200kg铝，-40~120℃） 降温速率：平均＞1℃/min（带载200kg铝，+85~-40℃） 温度均匀度：≤±2℃ 湿度：20% ~98 % RH（+ 20 ~ + 85 °C） | K4: 60A，24KW | L4: 45017 | M4: 2023 | N4: 0 | O4: 张杰 | P4: A | Q4: CTI | R4: 现场 | S4: 一年 | T4: 46076 | U4: 46065 | V4: 46429 | W4: 46248 | X4: CSY-08 | Y4: 0 | Z4: 0 | AA4: 0

Sheet 报告填入专用
B1: 设备名称 | C1: 型号 | D1: 设备编号 | E1: 有效期 | G1: 把设备编号复制在下列蓝色区域
A2: 要中文 | B2: =VLOOKUP(G2,设备清单!B:V,3,0) -> 机械振动台 水平 1200mm C064 有湿度 3500L | C2: =VLOOKUP(G2,设备清单!B:V,7,0) -> ES-80LS3-445 | D2: =VLOOKUP(G2,设备清单!B:V,1,0) -> SHAED-V063 | E2: =VLOOKUP(G2,设备清单!B:V,21,0) -> 46427 | G2: SHAED-V063 | I2: 中西结合疗效好 | J2: =B2&B13 -> 机械振动台 水平 1200mm C064 有湿度 3500LMechanical vibrator machine | K2: =VLOOKUP(G2,设备清单!B:V,7,0) -> ES-80LS3-445 | L2: =VLOOKUP(G2,设备清单!B:V,1,0) -> SHAED-V063 | M2: =VLOOKUP(G2,设备清单!B:V,21,0) -> 46427
B3: =VLOOKUP(G3,设备清单!B:V,3,0) -> 可编程直流电源 | C3: =VLOOKUP(G3,设备清单!B:V,7,0) -> PBZ20-20 | D3: =VLOOKUP(G3,设备清单!B:V,1,0) -> SHAED-P001 | E3: =VLOOKUP(G3,设备清单!B:V,21,0) -> 46548 | G3: SHAED-P001 | J3: =B3&B14 -> 可编程直流电源Programmable DC power supply | K3: =VLOOKUP(G3,设备清单!B:V,7,0) -> PBZ20-20 | L3: =VLOOKUP(G3,设备清单!B:V,1,0) -> SHAED-P001 | M3: =VLOOKUP(G3,设备清单!B:V,21,0) -> 46548
B4: =VLOOKUP(G4,设备清单!B:V,3,0) -> 可编程直流电源 | C4: =VLOOKUP(G4,设备清单!B:V,7,0) -> PBZ20-20 | D4: =VLOOKUP(G4,设备清单!B:V,1,0) -> SHAED-P001 | E4: =VLOOKUP(G4,设备清单!B:V,21,0) -> 46548 | G4: SHAED-P001 | J4: =B4&B15 -> 可编程直流电源Programmable DC power supply | K4: =VLOOKUP(G4,设备清单!B:V,7,0) -> PBZ20-20 | L4: =VLOOKUP(G4,设备清单!B:V,1,0) -> SHAED-P001 | M4: =VLOOKUP(G4,设备清单!B:V,21,0) -> 46548
B5: =VLOOKUP(G5,设备清单!B:V,3,0) -> 可编程直流电源 | C5: =VLOOKUP(G5,设备清单!B:V,7,0) -> PBZ20-20 | D5: =VLOOKUP(G5,设备清单!B:V,1,0) -> SHAED-P001 | E5: =VLOOKUP(G5,设备清单!B:V,21,0) -> 46548 | G5: SHAED-P001 | J5: =B5&B16 -> 可编程直流电源Programmable DC power supply | K5: =VLOOKUP(G5,设备清单!B:V,7,0) -> PBZ20-20 | L5: =VLOOKUP(G5,设备清单!B:V,1,0) -> SHAED-P001 | M5: =VLOOKUP(G5,设备清单!B:V,21,0) -> 46548
B6: =VLOOKUP(G6,设备清单!B:V,3,0) -> 可编程直流电源 | C6: =VLOOKUP(G6,设备清单!B:V,7,0) -> PBZ20-20 | D6: =VLOOKUP(G6,设备清单!B:V,1,0) -> SHAED-P001 | E6: =VLOOKUP(G6,设备清单!B:V,21,0) -> 46548 | G6: SHAED-P001 | J6: =B6&B17 -> 可编程直流电源Programmable DC power supply | K6: =VLOOKUP(G6,设备清单!B:V,7,0) -> PBZ20-20 | L6: =VLOOKUP(G6,设备清单!B:V,1,0) -> SHAED-P001 | M6: =VLOOKUP(G6,设备清单!B:V,21,0) -> 46548
B7: =VLOOKUP(G7,设备清单!B:V,3,0) -> 可编程直流电源 | C7: =VLOOKUP(G7,设备清单!B:V,7,0) -> PBZ20-20 | D7: =VLOOKUP(G7,设备清单!B:V,1,0) -> SHAED-P001 | E7: =VLOOKUP(G7,设备清单!B:V,21,0) -> 46548 | G7: SHAED-P001 | J7: =B7&B18 -> 可编程直流电源Programmable DC power supply | K7: =VLOOKUP(G7,设备清单!B:V,7,0) -> PBZ20-20 | L7: =VLOOKUP(G7,设备清单!B:V,1,0) -> SHAED-P001 | M7: =VLOOKUP(G7,设备清单!B:V,21,0) -> 46548
B8: =VLOOKUP(G8,设备清单!B:V,3,0) -> 可编程直流电源 | C8: =VLOOKUP(G8,设备清单!B:V,7,0) -> PBZ20-20 | D8: =VLOOKUP(G8,设备清单!B:V,1,0) -> SHAED-P001 | E8: =VLOOKUP(G8,设备清单!B:V,21,0) -> 46548 | G8: SHAED-P001 | J8: =B8&B19 -> 可编程直流电源Programmable DC power supply | K8: =VLOOKUP(G8,设备清单!B:V,7,0) -> PBZ20-20 | L8: =VLOOKUP(G8,设备清单!B:V,1,0) -> SHAED-P001 | M8: =VLOOKUP(G8,设备清单!B:V,21,0) -> 46548
B9: =VLOOKUP(G9,设备清单!B:V,3,0) -> 可编程直流电源 | C9: =VLOOKUP(G9,设备清单!B:V,7,0) -> PBZ20-20 | D9: =VLOOKUP(G9,设备清单!B:V,1,0) -> SHAED-P001 | E9: =VLOOKUP(G9,设备清单!B:V,21,0) -> 46548 | G9: SHAED-P001 | J9: =B9&B20 -> 可编程直流电源Programmable DC power supply | K9: =VLOOKUP(G9,设备清单!B:V,7,0) -> PBZ20-20 | L9: =VLOOKUP(G9,设备清单!B:V,1,0) -> SHAED-P001 | M9: =VLOOKUP(G9,设备清单!B:V,21,0) -> 46548
B10: =VLOOKUP(G10,设备清单!B:V,3,0) -> 可编程直流电源 | C10: =VLOOKUP(G10,设备清单!B:V,7,0) -> PBZ20-20 | D10: =VLOOKUP(G10,设备清单!B:V,1,0) -> SHAED-P001 | E10: =VLOOKUP(G10,设备清单!B:V,21,0) -> 46548 | G10: SHAED-P001 | J10: =B10&B21 -> 可编程直流电源Programmable DC power supply | K10: =VLOOKUP(G10,设备清单!B:V,7,0) -> PBZ20-20 | L10: =VLOOKUP(G10,设备清单!B:V,1,0) -> SHAED-P001 | M10: =VLOOKUP(G10,设备清单!B:V,21,0) -> 46548
B11: =VLOOKUP(G11,设备清单!B:V,3,0) -> 可编程直流电源 | C11: =VLOOKUP(G11,设备清单!B:V,7,0) -> PBZ20-20 | D11: =VLOOKUP(G11,设备清单!B:V,1,0) -> SHAED-P001 | E11: =VLOOKUP(G11,设备清单!B:V,21,0) -> 46548 | G11: SHAED-P001 | J11: =B11&B22 -> 可编程直流电源Programmable DC power supply | K11: =VLOOKUP(G11,设备清单!B:V,7,0) -> PBZ20-20 | L11: =VLOOKUP(G11,设备清单!B:V,1,0) -> SHAED-P001 | M11: =VLOOKUP(G11,设备清单!B:V,21,0) -> 46548
A13: 要洋文 | B13: =VLOOKUP(G2,设备清单!B:V,5,0) -> Mechanical vibrator machine | C13: =VLOOKUP(G2,设备清单!B:V,7,0) -> ES-80LS3-445 | D13: =VLOOKUP(G2,设备清单!B:V,1,0) -> SHAED-V063 | E13: =VLOOKUP(G2,设备清单!B:V,21,0) -> 46427
B14: =VLOOKUP(G3,设备清单!B:V,5,0) -> Programmable DC power supply | C14: =VLOOKUP(G3,设备清单!B:V,7,0) -> PBZ20-20 | D14: =VLOOKUP(G3,设备清单!B:V,1,0) -> SHAED-P001 | E14: =VLOOKUP(G3,设备清单!B:V,21,0) -> 46548
B15: =VLOOKUP(G4,设备清单!B:V,5,0) -> Programmable DC power supply | C15: =VLOOKUP(G4,设备清单!B:V,7,0) -> PBZ20-20 | D15: =VLOOKUP(G4,设备清单!B:V,1,0) -> SHAED-P001 | E15: =VLOOKUP(G4,设备清单!B:V,21,0) -> 46548
B16: =VLOOKUP(G5,设备清单!B:V,5,0) -> Programmable DC power supply | C16: =VLOOKUP(G5,设备清单!B:V,7,0) -> PBZ20-20 | D16: =VLOOKUP(G5,设备清单!B:V,1,0) -> SHAED-P001 | E16: =VLOOKUP(G5,设备清单!B:V,21,0) -> 46548
B17: =VLOOKUP(G6,设备清单!B:V,5,0) -> Programmable DC power supply | C17: =VLOOKUP(G6,设备清单!B:V,7,0) -> PBZ20-20 | D17: =VLOOKUP(G6,设备清单!B:V,1,0) -> SHAED-P001 | E17: =VLOOKUP(G6,设备清单!B:V,21,0) -> 46548
B18: =VLOOKUP(G7,设备清单!B:V,5,0) -> Programmable DC power supply | C18: =VLOOKUP(G7,设备清单!B:V,7,0) -> PBZ20-20 | D18: =VLOOKUP(G7,设备清单!B:V,1,0) -> SHAED-P001 | E18: =VLOOKUP(G7,设备清单!B:V,21,0) -> 46548
B19: =VLOOKUP(G8,设备清单!B:V,5,0) -> Programmable DC power supply | C19: =VLOOKUP(G8,设备清单!B:V,7,0) -> PBZ20-20 | D19: =VLOOKUP(G8,设备清单!B:V,1,0) -> SHAED-P001 | E19: =VLOOKUP(G8,设备清单!B:V,21,0) -> 46548
B20: =VLOOKUP(G9,设备清单!B:V,5,0) -> Programmable DC power supply | C20: =VLOOKUP(G9,设备清单!B:V,7,0) -> PBZ20-20 | D20: =VLOOKUP(G9,设备清单!B:V,1,0) -> SHAED-P001 | E20: =VLOOKUP(G9,设备清单!B:V,21,0) -> 46548
B21: =VLOOKUP(G10,设备清单!B:V,5,0) -> Programmable DC power supply | C21: =VLOOKUP(G10,设备清单!B:V,7,0) -> PBZ20-20 | D21: =VLOOKUP(G10,设备清单!B:V,1,0) -> SHAED-P001 | E21: =VLOOKUP(G10,设备清单!B:V,21,0) -> 46548
B22: =VLOOKUP(G11,设备清单!B:V,5,0) -> Programmable DC power supply | C22: =VLOOKUP(G11,设备清单!B:V,7,0) -> PBZ20-20 | D22: =VLOOKUP(G11,设备清单!B:V,1,0) -> SHAED-P001 | E22: =VLOOKUP(G11,设备清单!B:V,21,0) -> 46548

Sheet 设备卡片列表
A1: 设备卡片列表
A2: 设备编号 | B2: 设备名称 | C2: 型号规格 | D2: 出厂编号 | E2: ABCD分类 | F2: 投用日期 | G2: 制造厂 | H2: 供货商 | I2: 采购原值（含税）
A3: ATTEVLSH00054-1 | B3: 插拔力试验机 | C3: 1220S | D3: 122300A8105 | E3: A类 | F3: 2008-01-29 | G3: 台湾顺滢 | H3: 台湾顺滢
A4: ATTEVLSH00067 | B4: 淋雨试验箱 | C4: LX-1000 | D4: G70082 | E4: A类 | F4: 2008-03-01 | G4: 无锡南亚 | H4: 无锡市南亚试验设备有限公司
A5: TTE20131825 | B5: 直流电子负载 | C5: IT8512C | D5: / | E5: C类 | F5: 2013-10-25 | G5: 美国艾德克斯ITECH | H5: 上海振莺机电设备有限公司 | I5: 3950
A6: TTE20132028 | B6: 示波器 | C6: DPO3054 | D6: C027260 | E6: A类 | F6: 2013-11-28 | G6: 美国泰克Tek | H6: 上海振莺机电设备有限公司 | I6: 66000
A7: TTE20132275 | B7: 万用表 | C7: 30M（六位半） | D7: XI0538 | E7: B类 | F7: 2013-12-19 | G7: 德国高美GMC | H7: 上海振莺机电设备有限公司 | I7: 16000
A8: TTE20140102 | B8: IPX9K高压清洗试验装置 | C8: IPX9K | D8: / | E8: A类 | F8: 2014-01-28 | G8: 上海春风 | H8: 上海春风实业有限公司 | I8: 86000
A9: TTE20143011 | B9: 振动试验机 | C9: DC-1000-15 | D9: 130933 | E9: A类 | F9: 2013-09-10 | G9: 苏州苏试 | H9: 苏州苏试试验仪器股份有限公司 | I9: 233000
A10: TTE20150409 | B10: IP防水试验机 | C10: KXT1302 | D10: / | E10: B类 | F10: 2015-04-20 | G10: 东莞科翔 | H10: 东莞市科翔试验设备有限公司 | I10: 42000
A11: TTE20150909 | B11: JIS防水试验装置 | C11: TMJ-9710A | D11: T-10A-150331001 | E11: A类 | F11: 2015-05-15 | G11: 台湾铁木真科技 | H11: 铁木真电子科技（昆山）有限公司 | I11: 115000
A12: TTE20150911 | B12: 两厢式冰水冲击试验箱 | C12: KTCE-018TBS | D12: 20150325 | E12: A类 | F12: 2015-07-14 | G12: 上海庆生 | H12: 上海庆生测试设备有限公司 | I12: 438000
A13: TTE20151930 | B13: 机械冲击碰撞试验台 | C13: SY11-200 | D13: J150432 | E13: A类 | F13: 2015-05-27 | G13: 苏州东菱振动 | H13: 苏州东菱振动试验仪器有限公司
A14: TTE20160719 | B14: 可编程直流电源 | C14: PBZ20-20 | D14: WA002723 | E14: A类 | F14: 2016-04-15 | G14: 日本菊水KIKUSUI | H14: 科电贸易(上海)有限公司 | I14: 57450
A15: TTE20165250 | B15: 可编程直流电源 | C15: PBZ20-20 | D15: WB001609 | E15: A类 | F15: 2016-11-30 | G15: 日本菊水KIKUSUI | H15: 科电贸易（上海）有限公司 | I15: 58700
A16: TTE20165251 | B16: 可编程直流电源 | C16: PBZ20-20 | D16: WC002180 | E16: A类 | F16: 2016-11-30 | G16: 日本菊水KIKUSUI | H16: 科电贸易（上海）有限公司 | I16: 58700
A17: TTE20175957 | B17: 电子负载 | C17: IT8812 | D17: 600223011727430003 | E17: C类 | F17: 2017-10-31 | G17: 美国艾德克斯ITECH | H17: 深圳市科瑞杰科技有限公司 | I17: 4180
A18: TTE20176501 | B18: 电子负载 | C18: IT8211 | D18: 600109010727610010 | E18: D类 | F18: 2017-11-23 | G18: 美国艾德克斯ITECH | H18: 上海振莺机电设备有限公司 | I18: 1200
A19: TTE20176502 | B19: 电子负载 | C19: IT8211 | D19: 600109010727610011 | E19: D类 | F19: 2017-11-23 | G19: 美国艾德克斯ITECH | H19: 上海振莺机电设备有限公司 | I19: 1200
A20: TTE20181799 | B20: 防尘试验机 | C20: KTM-DT90F | D20: T1640 | E20: A类 | F20: 2018-06-06 | G20: 台湾铁木真科技 | H20: 铁木真电子科技（昆山）有限公司 | I20: 185000
A21: TTE20189476 | B21: 振动试验机 | C21: M437A | D21: SH1801019 | E21: A类 | F21: 2018-07-31 | G21: 北京航天希尔 | H21: 北京航天希尔测试技术有限公司 | I21: 435000
A22: TTE20190182 | B22: 瞬间断线测试仪 | C22: NMS 10 | D22: S18110155 | E22: A类 | F22: 2019-01-28 | G22: 日本耐苛（NAC) | H22: 上海振莺机电设备有限公司 | I22: 94000
A23: TTE20190183 | B23: 电流钳 | C23: E3N/（0-100）A | D23: No196365RMH | E23: C类 | F23: 2019-03-18 | G23: CA/chauvin-arnoux | H23: 上海振莺机电设备有限公司 | I23: 4500
A24: TTE20190184 | B24: 电流钳 | C24: E3N/（0-100）A | D24: No164588RJH | E24: C类 | F24: 2019-02-13 | G24: CA/chauvin-arnoux | H24: 上海振莺机电设备有限公司 | I24: 4500
A25: TTE20191908 | B25: 七位半万用表 | C25: 34470A | D25: MY59002111 | E25: B类 | F25: 2019-07-24 | G25: 美国是德Keysight | H25: 深圳市新高电子有限公司 | I25: 20900
... A191: TTE20213765 | B191: 示波记录仪 | C191: DL850E-H（HC/M1/HD1/P4） | D191: 90XA21879 | E191: A类 | F191: 2021-12-06 | G191: 日本横河日本横河Yokogawa | H191: 上海成测实业有限公司 | I191: 199000
A192: TTF20110527 | B192: 加速规 | C192: CA-YD-107 | D192: / | E192: B类 | F192: 2012-07-05 | G192: 苏州苏试 | H192: 苏州苏试试验仪器有限公司
A193: TTF20110528 | B193: 加速规 | C193: CA-YD-107 | D193: / | E193: B类 | F193: 2012-07-05 | G193: 苏州苏试 | H193: 苏州苏试试验仪器有限公司
A194: TTF20110529 | B194: 加速规 | C194: CA-YD-107 | D194: / | E194: B类 | F194: 2012-07-05 | G194: 苏州苏试 | H194: 苏州苏试试验仪器有限公司
A195: TTF20110530 | B195: 加速规 | C195: CA-YD-107 | D195: / | E195: B类 | F195: 2012-07-05 | G195: 苏州苏试 | H195: 苏州苏试试验仪器有限公司
A196: TTF20110531 | B196: 加速规 | C196: CA-YD-107 | D196: / | E196: B类 | F196: 2012-07-05 | G196: 苏州苏试 | H196: 苏州苏试试验仪器有限公司
A197: TTF20140003 | B197: 直流稳压电源 | C197: PBZ40-10 | D197: TM001786 | E197: A类 | F197: 2014-03-12 | G197: 日本菊水KIKUSUI | H197: 科电贸易(上海)有限公司 | I197: 62700
A198: TTF20170477 | B198: 直流电源 | C198: PAV36-12 | D198: XH002048 | E198: B类 | F198: 2017-10-19 | G198: 日本菊水KIKUSUI | H198: 科电贸易（上海）有限公司 | I198: 10940
A199: TTF20170478 | B199: 直流电源 | C199: PAV36-12 | D199: XH002047 | E199: B类 | F199: 2017-10-19 | G199: 日本菊水KIKUSUI | H199: 科电贸易（上海）有限公司 | I199: 10940
A200: TTF20170479 | B200: 直流电源 | C200: PAV36-12 | D200: XH002046 | E200: B类 | F200: 2017-10-19 | G200: 日本菊水KIKUSUI | H200: 科电贸易（上海）有限公司 | I200: 10940
A201: TTF20170480 | B201: 直流电源 | C201: PAV650-1 | D201: XL001771 | E201: B类 | F201: 2017-12-11 | G201: 日本菊水KIKUSUI | H201: 科电贸易（上海）有限公司 | I201: 16410
A202: TTF20170481 | B202: 直流电源 | C202: PAV650-1 | D202: XL001772 | E202: B类 | F202: 2017-12-11 | G202: 日本菊水KIKUSUI | H202: 科电贸易（上海）有限公司 | I202: 16410
A203: TTF20180042 | B203: 振动控制器 | C203: RHC-920-2 | D203: 1073916 | E203: B类 | F203: 2018-01-24 | G203: 上海瑞鸿信息科技有限公 司 | H203: 上海瑞鸿信息科技有限公司 | I203: 49000
A204: TTF20190020 | B204: 工业除湿机 | C204: ST-8156C | D204: 2190827232075 | E204: C类 | F204: 2019-12-05 | G204: 上海湿腾 | H204: 上海标恒电子科技有限公司 | I204: 2850
A205: TTF20190021 | B205: 工业除湿机 | C205: ST-8156C | D205: 2190827232045 | E205: C类 | F205: 2019-12-05 | G205: 上海湿腾 | H205: 上海标恒电子科技有限公司 | I205: 2850
A206: TTF20190902 | B206: 直流电源 | C206: IT6722A | D206: 802259072747200023 | E206: C类 | F206: 2019-10-23 | G206: 美国艾德克斯ITECH | H206: 深圳市科瑞杰科技有限公司 | I206: 3280
A207: TTF20190903 | B207: 直流电源 | C207: IT6722A | D207: 802259072747110041 | E207: C类 | F207: 2019-10-23 | G207: 美国艾德克斯ITECH | H207: 深圳市科瑞杰科技有限公司 | I207: 3280
A208: TTF20190904 | B208: 直流电源 | C208: IT6722A | D208: 802259072747210050 | E208: C类 | F208: 2019-10-23 | G208: 美国艾德克斯ITECH | H208: 深圳市科瑞杰科技有限公司 | I208: 3280
... A291: TTF20210682 | B291: 可编程交流电源 | C291: AS2003T-3KVA | D291: A21051573 | E291: B类 | F291: 2021-06-09 | G291: ETHLEY | H291: 上海振莺机电设备有限公司 | I291: 13500
A292: TTF20210788 | B292: 直流电源 | C292: AN5380-340 | D292: 2105538005 | E292: B类 | F292: 2021-06-25 | G292: 青岛艾诺Ainuo | H292: 上海振莺机电设备有限公司 | I292: 48000
A293: TTF20210789 | B293: 直流电源 | C293: AN5380-340 | D293: 210558004 | E293: B类 | F293: 2021-06-25 | G293: 青岛艾诺Ainuo | H293: 上海振莺机电设备有限公司 | I293: 48000
A294: TTF20210840 | B294: 双向回馈电源 | C294: IT-M3432 | D294: 8.0342102e+17 | E294: B类 | F294: 2021-06-09 | G294: 南京艾德克斯ITECH | H294: 苏州台鑫仪电子有限公司 | I294: 14800
A295: TTF20210841 | B295: 双向回馈电源 | C295: IT-M3432 | D295: 8.0342102e+17 | E295: B类 | F295: 2021-06-09 | G295: 南京艾德克斯ITECH | H295: 苏州台鑫仪电子有限公司 | I295: 14800
A296: TTF20210842 | B296: 双向回馈电源 | C296: IT6005C-80-150 | D296: 8.0376101e+17 | E296: A类 | F296: 2021-07-22 | G296: 南京艾德克斯ITECH | H296: 苏州台鑫仪电子有限公司 | I296: 69300
A297: TTF20211351 | B297: 屏蔽室 （B+） | C297: L1500*W1500*H2000mm | D297: / | E297: B类 | F297: 2021-09-14 | G297: 宁波哈迈仪器 | H297: 哈尔滨顺洪源科技有限公司 | I297: 31800
A298: TTF20211538 | B298: 除湿机 | C298: SD-8156K | D298: / | E298: C类 | F298: 2021-11-01 | G298: 湿达 | H298: 上海标恒电子科技有限公司 | I298: 2800
A299: TTF20211539 | B299: 除湿机 | C299: SD-8156K | D299: / | E299: C类 | F299: 2021-11-01 | G299: 湿达 | H299: 上海标恒电子科技有限公司 | I299: 2800
A300: TTF20211724 | B300: 冷水机组 | C300: QYL-D04AH/N | D300: 2021A16301 | E300: A类 | F300: 2021-10-13 | G300: 上海泉贤 | H300: 上海泉贤实业有限公司 | I300: 99000
A301: TTF20211784 | B301: 除湿机 | C301: SD-8156K | D301: / | E301: C类 | F301: 2021-10-13 | G301: 湿达 | H301: 上海标恒电子科技有限公司 | I301: 2800
A302: TTF20211792 | B302: 冷水机组 | C302: QYL-D04AH/N | D302: 2021A14201 | E302: A类 | F302: 2021-10-14 | G302: 上海泉贤 | H302: 上海泉贤实业有限公司 | I302: 99000
A303: TTF20211817 | B303: 直流电源 | C303: AN5035-100 | D303: 2109503070 | E303: B类 | F303: 2021-11-08 | G303: 青岛艾诺Ainuo | H303: 上海振莺机电设备有限公司 | I303: 10500
A304: TTF20211889 | B304: 直流电源 | C304: IT6722A | D304: 8.0225907e+17 | E304: C类 | F304: 2021-11-08 | G304: 南京艾德克斯ITECH | H304: 苏州台鑫仪电子有限公司 | I304: 3020
A305: TTF20211890 | B305: 直流电源 | C305: IT6722A | D305: 802259073767610039 | E305: C类 | F305: 2021-11-09 | G305: 南京艾德克斯ITECH | H305: 苏州台鑫仪电子有限公司 | I305: 3020
A306: TTF20211891 | B306: 直流电源 | C306: IT6722A | D306: 8022590737679610045 | E306: C类 | F306: 2021-12-07 | G306: 南京艾德克斯ITECH | H306: 苏州台鑫仪电子有限公司 | I306: 3020
A307: TTF20211892 | B307: 直流电源 | C307: IT6722A | D307: 80225073767610044 | E307: C类 | F307: 2021-11-08 | G307: 南京艾德克斯ITECH | H307: 苏州台鑫仪电子有限公司 | I307: 3020
A308: TTF20211893 | B308: 直流电源 | C308: IT6722A | D308: 802259073767610046 | E308: C类 | F308: 2021-11-09 | G308: 南京艾德克斯ITECH | H308: 苏州台鑫仪电子有限公司 | I308: 3020
A309: TTF20211894 | B309: 直流电源 | C309: IT6722A | D309: 80225907376710038 | E309: C类 | F309: 2021-11-09 | G309: 南京艾德克斯ITECH | H309: 苏州台鑫仪电子有限公司 | I309: 3020
A310: TTF20212127 | B310: CAN卡 | C310: USBCAN-4E-U | D310: 8101904152111010025 | E310: C类 | F310: 2021-12-14 | G310: 致远电子 | H310: 上海标恒电子科技有限公司 | I310: 2800
A311: TTF20212128 | B311: CAN卡 | C311: USBCAN-4E-U | D311: 8101904152111010024 | E311: C类 | F311: 2021-12-14 | G311: 致远电子 | H311: 上海标恒电子科技有限公司 | I311: 2800
A312: TTF20220027 | B312: 双螺杆空压机 | C312: DS R-10A | D312: 21121722 | E312: B类 | F312: 2022-01-06 | G312: 德斯兰DESRAN | H312: 上海裕镇压缩机有限公司 | I312: 12800

Sheet 设备布局
A1: H002
A2: 苏盈1000L PH-1000T 瞿杰
A4: H007 | E4: C021 | G4: S010 | I4: S001 | K4: S007 | M4: S004 | O4: S003 | Q4: S002 | S4: S005
A5: 苏盈1000L PH-1000 瞿杰 | E5: 帕捷2000L PHV1720-DU-0404 韩琦浩 | G5: 帕捷90L TSV12055W 韩琦浩 | I5: 广五所120L TS-120SW 李耀辉 | K5: 广五所120L TS-120SW 韩琦浩 | M5: 广五所300L TS-300SW 李耀辉 | O5: 广五所300L TS-300SW 李耀辉 | Q5: 广五所300L TS-300SW 李耀辉 | S5: 广五所1000L ETS1000-55W-D 李耀辉
A7: H006 | E7: Q005 | G7: S006 | I7: S011 | K7: Q009 | M7: Q008 | O7: Q006 | Q7: Q007 | S7: Q010 | U7: Q011 | W7: Q004 | Y7: Q003 | AA7: Q002 | AC7: Q001
A8: 苏盈100L PH-100T 瞿杰 | E8: 帕捷2000L PHR720W-20 韩琦浩 | G8: 阿泰可200L CST150-2T 韩琦浩 | I8: 帕捷90L TSV12055W 韩琦浩 | K8: 帕捷1000L PHR710W-2020 傅强 | M8: 帕捷1000L PHR710W-2020 傅强 | O8: 伟思480L C7-480/20 ESS 韩琦浩 | Q8: 伟思1300L C7-1300/20 ESS 傅强 | S8: 帕捷220L PHR702W-15 韩琦浩 | U8: 帕捷220L PHR702W-15 韩琦浩 | W8: 伟思800L C7-800/15ESS 韩琦浩 | Y8: 伟思800L C7-800/15ESS 韩琦浩 | AA8: 伟思800L C7-800/15ESS 韩琦浩 | AC8: 伟思800L C7-800/15ESS 韩琦浩
A10: H005
A11: 苏盈100L PH-100T 瞿杰 | Q11: 环境
A13: H018
A14: 阿泰可504L ADL500-T02 瞿杰
A16: H004 | E16: I002 | G16: C033 | I16: C032 | K16: S009 | M16: S008 | O16: C030 | Q16: C029 | S16: C028 | U16: C027 | W16: C011 | Y16: C010 | AA16: C002 | AC16: C004 | AE16: C003 | AG16: C001
A17: 苏盈500L PH-500T 瞿杰 | E17: JIS防水试验机 刘朝 | G17: 帕捷120L PMH7010-D 傅强 | I17: 帕捷120L PMH7010-D 傅强 | K17: 帕捷40L TSV6455A 王皓冬 | M17: 帕捷40L TSV6455A 王皓冬 | O17: 伟思340L C4-340E series 傅强 | Q17: 伟思340L C4-340E series 傅强 | S17: 伟思340L C4-340E series 傅强 | U17: 伟思340L C4-340E series 傅强 | W17: 伟思600L C7-600E 徐冬敏 | Y17: 伟思600L C7-600E 徐冬敏 | AA17: 伟思600L C7-600E 徐冬敏 | AC17: 伟思600L C7-600E 徐冬敏 | AE17: 伟思600L C7-600E 徐冬敏 | AG17: 伟思600L C7-600E 徐冬敏
A19: H003 | E19: C005 | G19: C031 | I19: C045 | K19: C044 | M19: C040 | O19: C015 | Q19: C016 | S19: C017 | U19: C018 | W19: C019 | Y19: C022 | AA19: C023 | AC19: C020
A20: 苏盈500L PH-500T 瞿杰 | E20: 伟思1000L C7-1000 pro 蒋开先 | G20: 伟思1000L C7-1000E series pro 蒋开先 | I20: 伟思1500L C7-1500E series pro 黄帅 | K20: 伟思1500L C7-1500E series pro 黄帅 | M20: 帕捷 PTV1715A-DU 蒋开先 | O20: 伟思1000L C7-1000E 蒋开先 | Q20: 伟思1000L C7-1000E 王林华 | S20: 伟思1000L C7-1000E 王林华 | U20: 伟思1000L C7-1000E 王林华 | W20: 伟思1500L C7-1500E 王林华 | Y20: 伟思1500L C7-1500E 王林华 | AA20: 伟思1500L C7-1500E 王林华 | AC20: 伟思1500L C7-1500pro K 15 王林华
A22: H008
A23: 苏盈1500L PH-1500 瞿杰
Q25: H017 | S25: H010 | U25: H009
Q26: 阿泰可504L ADL500-T02 瞿杰 | S26: 帕捷500L PTC3005-D 瞿杰 | U26: 帕捷500L PTC3005-D 瞿杰 | W26: 门
I30: H020 | U30: C055
I31: 德国宾德Binder FED720 瞿杰 | U31: 帕捷120L PMH7010-D 傅强
A33: Q015 | C33: Q017 | E33: Q019 | G33: Q020 | I33: H019 | U33: C054 | W33: S016
A34: 伟思480L C7-480/15 ESS 蒋开先 | C34: 伟思1300L C7-1300/15 ESS 王林华 | E34: 阿泰可1500L CH1500C-15ESS 王林华 | G34: 阿泰可1500L CH1500C-15ESS 王林华 | I34: 德国宾德Binder FED720 瞿杰 | U34: 帕捷120L PMH7010-D 傅强 | W34: 帕捷1000L TSH10055W 王皓冬
U36: C057
U37: 帕捷120L PMH7010-D 傅强
A39: H012 | C39: H013 | E39: S013 | G39: S015 | I39: C049 | U39: C053 | W39: C051
A40: 五和1000L GW-1000 瞿杰 | C40: 五和225L GW-225B 瞿杰 | E40: 帕捷300L TSV30055W 黄帅 | G40: 帕捷40L TSV6455A 黄帅 | I40: 帕捷2000L PHV1720W-B0505 韩琦浩 | U40: 帕捷120L PMH7010-D 王林华 | W40: 帕捷120L PMH7010-D 王林华
A42: H016 | U42: C050 | W42: C052
A43: 五和100L BGW-100B 瞿杰 | O43: 新环境 | U43: 帕捷120L PMH7010-D 王林华 | W43: 帕捷120L PMH7010-D 王林华
A45: S014 | B45: S014 | C45: Q012 | E45: Q014 | G45: C014 | I45: Q016 | K45: C013 | M45: C012
A46: 帕捷300L TSV30055W 黄帅 | C46: 伟思480L C7-480/15 ESS 蒋开先 | E46: 伟思480L C7-480/15 ESS 蒋开先 | G46: 伟思1000L C7-1000E 蒋开先 | I46: 伟思1300L C7-1300/15 ESS 王林华 | K46: 伟思1000L C7-1000E 蒋开先 | M46: 伟思1000L C7-1000E 蒋开先
A48: S012 | C48: Q013 | E48: Q018 | G48: C048 | I48: C047 | K48: C046 | M48: C058 | O48: C060 | Q48: C059 | S48: C061
A49: 伟思120L T/120/V2 黄帅 | C49: 伟思270L C7-270/15 ESS 蒋开先 | E49: 伟思270L C7-270/15 ESS 王林华 | G49: 伟思1000L C7-1000E series 黄帅 | I49: 伟思340L C7-340E series 黄帅 | K49: 伟思340L C7-340E series 黄帅 | M49: 阿泰可1500L SU1500C 傅强 | O49: 阿泰可1500L SU1500C 傅强 | Q49: 阿泰可1500L SU1500C 傅强 | S49: 阿泰可1500L SU1500C 傅强 | AI49: C039 PTV1715A-DU 黄帅
I51: C024
I52: 苏盈1500L GDJ-1600C 韩琦浩 | AK52: 电学
I55: H001 | K55: C038 | M55: C042 | O55: C041
I56: 苏盈1500L PH-1500T 瞿杰 | K56: 伟思1500L C7-1500E series 王林华 | M56: 伟思1000L C7-1000E series 黄帅 | O56: 伟思1000L C7-1000E series pro 黄帅
I58: H015 | K58: C034 | M58: C036 | O58: C037 | Q58: C035 | S58: C056
I59: 五和100L GW-100B 瞿杰 | K59: 伟思340L C4-340E series 傅强 | M59: 伟思340L C4-340E series 傅强 | O59: 伟思340L C4-340E series 傅强 | Q59: 伟思340L C4-340E series 傅强 | S59: 帕捷120L PMH7010-D 傅强
I60: H011 | S60: H014
I61: 五和1000L GW-1000B 瞿杰 | S61: 五和225L GW-225B 瞿杰
E70: V004 张杰 | G70: V005 张杰 | I70: V006 张杰 | Q70: IP 防水 刘朝 | S70: 冰水冲击-喷溅
E71: 4T | G71: 4T | I71: 4T | S71: I016 刘朝
E72: X | G72: Z | I72: XYZ
E73: 1200 | G73: 1200 | I73: 1200 | S73: 冰水冲击-沉浸
S74: I017 刘朝
S76: 冰水冲击
S77: I003 刘朝
E78: V001 蒋诗果 | G78: V026 蒋诗果 | K78: V007 蒋诗果 | M78: V003蒋诗果
E79: 4T | G79: 4T | K79: 200g冲击 | M79: 100g冲击 | Q79: 祝亦杰 万能拉伸机
E80: X | G80: Z
E81: 800 | G81: 800 | Q81: 祝亦杰 恒温恒湿插拔综合试验机 X002
Q83: 祝亦杰 端子插拔试验机
G85: 1.设备日常维护/月 | Q85: 祝亦杰 飞线旋转试验机
G86: 2.期间核查/年（如果需要）
G87: 3.文件管理 | Q87: 祝亦杰 金属显微镜
Q89: 祝亦杰 电子显微镜

Sheet 大设备负责人
A1: 设备类型 | B1: 设备编号 | C1: 设备名称 | D1: 制造厂商 | E1: 型号 | F1: 设备尺寸 | G1: 负责人 | H1: 校准时间 | I1: 计划校准时间 | J1: 期间核查 | K1: 备注
A2: SHAED-C | B2: SHAED-C001 | C2: 温湿度环境箱 | D2: 伟思富奇（太仓） | E2: C7-600E series | F2: W790 x D750 x H950mm=600L | G2: 徐东敏 | H2: 44195 | I2: 44559 | J2: 44378
A3: SHAED-C | B3: SHAED-C002 | C3: 温湿度环境箱 | D3: 伟思富奇（太仓） | E3: C7-600E series | F3: W790 x D750 x H950mm=600L | G3: 徐东敏 | H3: 44153 | I3: 44517 | J3: 44336
A4: SHAED-C | B4: SHAED-C003 | C4: 温湿度环境箱 | D4: 伟思富奇（太仓） | E4: C7-600E series | F4: W790 x D750 x H950mm=600L | G4: 徐东敏 | H4: 44153 | I4: 44517 | J4: 44336
A5: SHAED-C | B5: SHAED-C004 | C5: 温湿度环境箱 | D5: 伟思富奇（太仓） | E5: C7-600E series | F5: W790 x D750 x H950mm=600L | G5: 徐东敏 | H5: 44195 | I5: 44559 | J5: 44378
A6: SHAED-C | B6: SHAED-C005 | C6: 温湿度环境箱-Pro | D6: 伟思富奇（太仓） | E6: C7-1000E seriesE Pro | F6: W1090 x D900 x H950mm=1000L | G6: 徐申扬 | H6: 44195 | I6: 44559 | J6: 44378
A7: SHAED-C | B7: SHAED-C006 | C7: 环境箱-匹配振动台 | D7: 重庆阿泰可 | E7: CH1500TCH（水平） | F7: W1200 x D1100 x H1160mm=1531L | G7: 张杰 | H7: 44195 | I7: 44559 | J7: 44378
A8: SHAED-C | B8: SHAED-C007 | C8: 环境箱-匹配振动台 | D8: 广州五所环境仪器有限公司 | E8: CT2970A2 （水平） | F8: W1500 x D1500 x H1300mm=2925L | G8: 张杰 | H8: 44161 | I8: 44525 | J8: 44344
A9: SHAED-C | B9: SHAED-C008 | C9: 环境箱-匹配振动台 | D9: 广州五所环境仪器有限公司 | E9: CT2970A2 （垂直） | F9: W1500 x D1500 x H1300mm=2925L | G9: 张杰 | H9: 44161 | I9: 44525 | J9: 44344
A10: SHAED-C | B10: SHAED-C009 | C10: 环境箱-匹配振动台 | D10: 广州五所环境仪器有限公司 | E10: CT2970A2 （垂直+水平） | F10: W1500 x D1500 x H1300mm=2925L | G10: 张杰 | H10: 44161 | I10: 44525 | J10: 44344
A11: SHAED-C | B11: SHAED-C010 | C11: 温湿度环境箱 | D11: 伟思富奇（太仓） | E11: C7-600E series | F11: W790 x D750 x H950mm=600L | G11: 徐东敏 | H11: 44372 | I11: 44736 | J11: 44555
A12: SHAED-C | B12: SHAED-C011 | C12: 温湿度环境箱 | D12: 伟思富奇（太仓） | E12: C7-600E series | F12: W790 x D750 x H950mm=600L | G12: 徐东敏 | H12: 44030 | I12: 44394 | J12: 44213
A13: SHAED-C | B13: SHAED-C012 | C13: 温湿度环境箱 | D13: 伟思富奇（太仓） | E13: C7-1000E series | F13: W1090 x D900 x H950mm=1000L | G13: 徐申扬 | H13: 44341 | I13: 44705 | J13: 44524
... A41: SHAED-H | B41: SHAED-H010 | C41: 高温箱 | D41: 无锡帕捷 | E41: PTC3005-D | F41: W800*D800*H800 | G41: 王皓冬 | H41: 44356 | I41: 44720 | J41: 44539
A42: SHAED-I | B42: SHAED-I002 | C42: JIS防水试验机 | D42: 台湾铁木真科技 | E42: TMJ-9710A | F42: W1000 x D1100 x H1000 | G42: 阮徐君 | H42: 44081 | I42: 44445 | J42: =H42+183 -> 44264
A43: SHAED-I | B43: SHAED-I003 | C43: 冰水冲击试验箱 | D43: 上海庆生 | E43: KTCE-018TBS | F43: W420 x D500 x H260 mm=60L | G43: 阮徐君 | H43: 44153 | I43: 44517 | J43: =H43+183 -> 44336
A44: SHAED-I | B44: SHAED-I004 | C44: 防尘箱 | D44: 台湾铁木真科技 | E44: KTM-DT90F | F44: W1000 x D1000 x H1000mm=1000L 小于等于20kg | G44: 唐播甜 | H44: 44372 | I44: 44736 | J44: =H44+183 -> 44555
A45: SHAED-I | B45: SHAED-I005 | C45: 防尘箱 | D45: 东莞昌鸿 | E45: CH-7139-C | F45: W1000 x D1000 x H1000mm=1000L 小于等于20kg | G45: 唐播甜 | H45: 44372 | I45: 44736 | J45: =H45+183 -> 44555
A46: SHAED-I | B46: SHAED-I006 | C46: 防尘箱 | D46: 东莞昌鸿 | E46: CH-7139-F | F46: W1000 x D1000 x H1000mm=1000L 小于等于20kg | G46: 唐播甜 | H46: 44030 | I46: 44394 | J46: =H46+183 -> 44213
A47: SHAED-I | B47: SHAED-I007 | C47: 冰水冲击试验箱-飞溅 | D47: 帕捷Partner | E47: PTC2018-DU-SPRAY | F47: W1500 x D1050 x H1200mm=2000L | G47: 阮徐君 | H47: 44340 | I47: 44704 | J47: =H47+183 -> 44523
A48: SHAED-I | B48: SHAED-I008 | C48: 冰水冲击试验箱-浸没 | D48: 帕捷Partner | E48: TSLA030SA | F48: W540 x D540 x H540 mm=160L | G48: 阮徐君 | H48: 44299 | I48: 44663 | J48: =H48+183 -> 44482
A49: SHAED-I | B49: SHAED-I009 | C49: IP防水试验机 | D49: 凯驰 | E49: HDS13/20-4S | F49: NA | G49: 阮徐君 | H49: 44341 | I49: 44705 | J49: =H49+183 -> 44524
A50: SHAED-I | B50: SHAED-I011 | C50: 粉尘筛 | D50: NA | E50: 200目 | F50: NA | G50: 唐播甜 | H50: 44133 | I50: 44497 | J50: =H50+183 -> 44316
A51: SHAED-I | B51: SHAED-I012 | C51: 压力表-IPX5X69K | E51: MIK-Y190 | G51: 阮徐君 | H51: 44306 | I51: 44670 | J51: =H51+183 -> 44489
A52: SHAED-Q | B52: SHAED-Q001 | C52: 快速温度变化试验箱 | D52: 伟思富奇（太仓） | E52: C7-800/15 ESS | F52: W1050 x D750 x H900mm=800L | G52: 蒋诗果 | H52: 44341 | I52: 44705 | J52: 44524
A53: SHAED-Q | B53: SHAED-Q002 | C53: 快速温度变化试验箱 | D53: 伟思富奇（太仓） | E53: C7-800/15 ESS | F53: W1050 x D750 x H900mm=800L | G53: 蒋诗果 | H53: 44330 | I53: 44694 | J53: 44513
A54: SHAED-Q | B54: SHAED-Q003 | C54: 快速温度变化试验箱 | D54: 伟思富奇（太仓） | E54: C7-800/15 ESS | F54: W1050 x D750 x H900mm=800L | G54: 蒋诗果 | H54: 44309 | I54: 44673 | J54: 44492
A55: SHAED-Q | B55: SHAED-Q004 | C55: 快速温度变化试验箱 | D55: 伟思富奇（太仓） | E55: C7-800/15 ESS | F55: W1050 x D750 x H900mm=800L | G55: 蒋诗果 | H55: 44266 | I55: 44630 | J55: 44449
A56: SHAED-Q | B56: SHAED-Q005 | C56: 快速温度变化试验箱 | D56: 帕捷Partner | E56: PHR720W-20 | F56: W2000 x D1000 × H1000=2000L | G56: 蒋诗果 | H56: 44266 | I56: 44630 | J56: 44449
A57: SHAED-Q | B57: SHAED-Q006 | C57: 快速温度变化试验箱 | D57: 伟思富奇（太仓） | E57: C7-480/20 ESS | F57: W800 x D640 × H940=480L | G57: 蒋诗果 | H57: 44330 | I57: 44694 | J57: 44513
A58: SHAED-Q | B58: SHAED-Q007 | C58: 快速温度变化试验箱 | D58: 伟思富奇（太仓） | E58: C7-1300/20 ESS | F58: W1100 x D1300 × H900=1300L | G58: 傅强 | H58: 44330 | I58: 44694 | J58: 44513
A59: SHAED-Q | B59: SHAED-Q008 | C59: 快速温度变化试验箱 | D59: 帕捷Partner | E59: PHR710W-2020 | F59: W1000 x D1000 × H1000=1000L | G59: 傅强 | H59: 44372 | I59: 44736 | J59: 44555
A60: SHAED-Q | B60: SHAED-Q009 | C60: 快速温度变化试验箱 | D60: 帕捷Partner | E60: PHR710W-2020 | F60: W1000 x D1000 × H1000=1000L | G60: 傅强 | H60: 44372 | I60: 44736 | J60: 44555
A61: SHAED-S | B61: SHAED-S001 | C61: 温度冲击试验箱 | D61: 广州五所环境仪器有限公司 | E61: TS-120SW | F61: W470 × D650 × H407mm=120L | G61: 李耀辉 | H61: 44308 | I61: 44672 | J61: 44491
A62: SHAED-S | B62: SHAED-S002 | C62: 温度冲击试验箱 | D62: 广州五所环境仪器有限公司 | E62: TS-300SW | F62: W770 × D650 x H610mm=300L | G62: 李耀辉 | H62: 44265 | I62: 44629 | J62: 44448
A63: SHAED-S | B63: SHAED-S003 | C63: 温度冲击试验箱 | D63: 广州五所环境仪器有限公司 | E63: TS-300SW | F63: W770 × D650 x H610mm=300L | G63: 李耀辉 | H63: 44125 | I63: 44489 | J63: 44308
... A69: SHAED-S | B69: SHAED-S009 | C69: 温度冲击试验箱 | D69: 帕捷Partner | E69: TSV6455A | F69: W350 × D340 × H350mm | G69: 王皓冬 | H69: 44340 | I69: 44704 | J69: 44523

Sheet 转出设备
B1: 设备类型 | C1: 设备编号 | D1: 内部编号 | E1: 出厂编号 | F1: 设备名称 | G1: 制造厂商 | H1: 型号 | I1: 设备尺寸 | J1: 主要参数 | K1: 采购供应商 | L1: 到货日期 | M1: 负责人 | N1: 使用人授权最低类别 | O1: 校准机构 | P1: 校准有效期 | Q1: 校准时间 | R1: 计划校准时间
B2: SHAED-E | C2: SHAED-E002 | D2: TTE20131907 | E2: 1307963019 | F2: 交直流耐压绝缘测试仪 | G2: 青岛艾诺 | H2: AN9636S | I2: NA | J2: 输出电压：100v-5000vac（注：an9636s最高电压达到6000vac)；输出电压负载调整率：±（2%×设定值+5v），空载→额定负载；最大额定负载：6000v/80ma；高压变压器容量：500va；最小短路电流：200ma； | K2: 上海振莺机电设备有限公司 | L2: 2013 | O2: CTI | P2: 一年 | Q2: 43724 | R2: 44089 | S2: 转材料
B3: SHAED-P | C3: SHAED-P005 | D3: TTF20170470 | E3: 602592010727150013 | F3: 可编程直流电源 | G3: 美国艾德克斯ITECH | H3: IT6164B | I3: NA | J3: 输出电压：0-30V/0-60V；输出电流：0-40A/0-20A；输出功率：1200W | K3: 深圳市科瑞杰科技有限公司 | L3: 2017 | O3: CTI | P3: 一年 | Q3: 43724 | R3: 44089 | S3: 转材料
B4: SHAED-O | C4: SHAED-O001 | D4: TTE20176057 | E4: 170523682 | F4: 照度计 | G4: 日本日置HIOKI | H4: FT3424 | J4: （0.00~200000）lx±2%rdg 用于照明设备、照明施工等领域 | K4: 科电贸易（上海）有限公司 | L4: 2017 | O4: 上海计量院 | P4: 一年 | Q4: 44081 | R4: 44445 | S4: 转材料
B5: SHAED-O | C5: SHAED-O002 | D5: TTE20176061 | E5: 00770792 | F5: 噪声计 | G5: 日本日置HIOKI | H5: FT3432 | J5: 30dB 到 130dB | K5: 科电贸易（上海）有限公司 | L5: 2017 | O5: 上海计量院 | P5: 一年 | Q5: 43735 | R5: 44100 | S5: 转材料
B6: SHAED-P | C6: SHAED-P031 | D6: TTF20120286 | E6: 1166610001 | F6: 可编程直流电源 | G6: Elektro-Automatik | H6: PSI 8080-60 | I6: NA | J6: 0~80V， 0~60A， 0~1500W | K6: 上海盛恒机电设备有限公司 | O6: CTI | Q6: 43724 | R6: 44089 | S6: 转材料
B7: SHAED-P | C7: SHAED-P042 | D7: TTF20180978 | E7: 1807538003H | F7: 直流电源 | G7: 山东艾诺Ainuo | H7: AN5380-170 | I7: NA | J7: 0~80V，0~170A，0~5000W | Q7: 43724 | R7: 44089 | S7: 转材料
B8: SHAED-P | C8: SHAED-P043 | D8: TTF20181681 | E8: 1809538002 | F8: 直流电源 | G8: 山东艾诺Ainuo | H8: AN5380-510 | I8: NA | J8: 0~80V，0~510A，0~15000W | Q8: 43724 | R8: 44089 | S8: 转材料
B9: SHAED-P | C9: SHAED-P044 | D9: TTF20190004 | E9: 1810538010A | F9: 直流电源 | G9: 山东艾诺Ainuo | H9: AN5380-170 | I9: NA | J9: 0~80V，0~170A，0~5000W | Q9: 43724 | R9: 44089 | S9: 转材料
B10: SHAED-P | C10: SHAED-P045 | D10: TTF20190005 | E10: 1812538008 | F10: 直流电源 | G10: 山东艾诺Ainuo | H10: AN5380-170 | I10: NA | J10: 0~80V，0~170A，0~5000W | Q10: 43724 | R10: 44089 | S10: 转材料
B12: SHAED-X | C12: SHAED-X008 | D12: TTE20200916 | E12: NA | F12: 2.5次元尺寸测量仪 | H12: MS400 | L12: 2020 | Q12: 44085 | R12: 44449 | S12: 转材料 | T12: 设备在材料，实际已转材料，但帐挂在汽车电子，下次材料自己校准
B15: SHAED-O | C15: SHAED-O038 | D15: 低值 | E15: NA | F15: 转速计 | G15: 优利德 | H15: UT373 | I15: NA | L15: 2020 | M15: 唐播甜 | N15: A | O15: CTI | P15: 一年 | S15: 待确认 已买更精确设备，停用此设备

Sheet 负责人名单
A1: 目前使用人 | B1: 设备使用结束时间 | C1: 设备类型 | D1: 设备编号 | E1: 内部编号 | F1: 出厂编号 | G1: 设备名称 | H1: 制造厂商 | I1: 型号 | J1: 到货日期 | K1: 负责人 | L1: 使用人授权 | M1: 校准机构 | N1: 校准有效期 | O1: 校准时间 | P1: 计划校准时间
A2: 李耀辉 | C2: 没有在用电源
A3: 王贺 | C3: 没有在用电源
A4: 王林华 | C4: 没有在用电源
A5: 张杰 | C5: 没有在用电源
A6: 蒋诗果 | C6: 没有在用电源
A7: 唐播甜 | C7: 没有在用电源
C8: 没有在用电源
C9: 没有在用电源
A10: 李耀辉 | C10: 没有在用记录仪
A11: 阮徐君 | C11: 没有在用记录仪
A12: 徐申扬 | C12: 没有在用记录仪
A13: 唐播甜 | C13: 没有在用记录仪
A14: 王贺 | C14: 没有在用记录仪
A15: 王林华 | C15: 没有在用记录仪
A16: 张杰 | C16: 没有在用记录仪
A17: 梁健宇 | C17: 没有在用记录仪
C18: SHAED-P | D18: SHAED-P001 | E18: TTE20160719 | F18: WA002723 | G18: 可编程直流电源 | H18: 日本菊水KIKUSUI | I18: PBZ20-20 | J18: 2016 | K18: 祝亦杰 | M18: CTI | N18: 一年 | O18: 44081 | P18: 44445
A19: 阮徐君 | B19: 2021.01.02 | C19: SHAED-P | D19: SHAED-P002 | E19: TTE20165250 | F19: WB001609 | G19: 可编程直流电源 | H19: 日本菊水KIKUSUI | I19: PBZ20-20 | J19: 2016 | K19: 祝亦杰 | M19: CTI | N19: 一年 | O19: 44081 | P19: 44445
C20: SHAED-P | D20: SHAED-P003 | E20: TTE20165251 | F20: WC002180 | G20: 可编程直流电源 | H20: 日本菊水KIKUSUI | I20: PBZ20-20 | J20: 2016 | K20: 徐东敏 | M20: CTI | N20: 一年 | O20: 44081 | P20: 44445
C21: SHAED-P | D21: SHAED-P004 | E21: TTF20140003 | F21: TM001786 | G21: 可编程直流电源 | H21: 日本菊水KIKUSUI | I21: PBZ40-10 | J21: 2014 | K21: 徐东敏 | M21: CTI | N21: 一年 | O21: 44081 | P21: 44080
A22: 材料 | C22: SHAED-P | D22: SHAED-P005 | E22: TTF20170470 | F22: 602592010727150013 | G22: 可编程直流电源 | H22: 美国艾德克斯ITECH | I22: IT6164B | J22: 2017 | K22: 许宇峰 | M22: CTI | N22: 一年 | O22: 43724 | P22: 44089
C23: SHAED-P | D23: SHAED-P006 | E23: TTF20170477 | F23: XH002048 | G23: 直流电源 | H23: 日本菊水KIKUSUI | I23: PAV36-12 | J23: 2017 | K23: 许宇峰 | M23: CTI | N23: 一年 | O23: 43724 | P23: 44088
C24: SHAED-P | D24: SHAED-P007 | E24: TTF20170478 | F24: XH002047 | G24: 直流电源 | H24: 日本菊水KIKUSUI | I24: PAV36-12 | J24: 2017 | K24: 许宇峰 | M24: 上海质检院 | N24: 一年 | O24: 43391 | P24: 43755
C25: SHAED-P | D25: SHAED-P008 | E25: TTF20170479 | F25: XH002046 | G25: 直流电源 | H25: 日本菊水KIKUSUI | I25: PAV36-12 | J25: 2017 | K25: 许宇峰 | M25: CTI | N25: 一年 | O25: 44118 | P25: 44482
C26: SHAED-P | D26: SHAED-P009 | E26: TTF20170480 | F26: XL001771 | G26: 直流电源 | H26: 日本菊水KIKUSUI | I26: PAV650-1 | J26: 2017 | K26: 许宇峰 | M26: 上海质检院 | N26: 一年 | O26: 43444 | P26: 43808
C27: SHAED-P | D27: SHAED-P010 | E27: TTF20170481 | F27: XL001772 | G27: 直流电源 | H27: 日本菊水KIKUSUI | I27: PAV650-1 | J27: 2017 | K27: 许宇峰 | M27: CTI | N27: 一年 | O27: 44118 | P27: 44482
A28: 梁健宇 | B28: 2020.10.21 | C28: SHAED-P | D28: SHAED-P011 | E28: TTF20190902 | F28: 802259072747200023 | G28: 直流电源 | H28: 美国艾德克斯ITECH | I28: IT6722A | J28: 2019 | K28: 梁健宇 | M28: CTI | N28: 一年 | O28: 44118 | P28: 44482
A29: 盐雾任亮借用 | C29: SHAED-P | D29: SHAED-P012 | E29: TTF20190903 | F29: 802259072747110041 | G29: 直流电源 | H29: 美国艾德克斯ITECH | I29: IT6722A | J29: 2019 | K29: 梁健宇 | M29: CTI | N29: 一年 | O29: 44118 | P29: 44482
A30: 阮徐君 | B30: 2020.12.30 | C30: SHAED-P | D30: SHAED-P013 | E30: TTF20190904 | F30: 802259072747210050 | G30: 直流电源 | H30: 美国艾德克斯ITECH | I30: IT6722A | J30: 2019 | K30: 梁健宇 | M30: CTI | N30: 一年 | O30: 44118 | P30: 44482
A31: 盐雾任亮借用 | C31: SHAED-P | D31: SHAED-P014 | E31: TTF20190905 | F31: 802259072747210071 | G31: 直流电源 | H31: 美国艾德克斯ITECH | I31: IT6722A | J31: 2019 | K31: 阮徐君 | M31: CTI | N31: 一年 | O31: 43761 | P31: 44125
A32: 徐东敏 | B32: 2020.11.01 | C32: SHAED-P | D32: SHAED-P015 | E32: TTF20190906 | F32: 802259072747210094 | G32: 直流电源 | H32: 美国艾德克斯ITECH | I32: IT6722A | J32: 2019 | K32: 阮徐君 | M32: CTI | N32: 一年 | O32: 44118 | P32: 44482
A33: 黄骏 | B33: 2020.12.25 | C33: SHAED-P | D33: SHAED-P016 | E33: TTF20190907 | F33: 802259072747210074 | G33: 直流电源 | H33: 美国艾德克斯ITECH | I33: IT6722A | J33: 2019 | K33: 阮徐君 | M33: CTI | N33: 一年 | O33: 44118 | P33: 44482
C34: SHAED-P | D34: SHAED-P017 | E34: TTF20190908 | F34: 802259072747110031 | G34: 直流电源 | H34: 美国艾德克斯ITECH | I34: IT6722A | J34: 2019 | K34: 徐东敏 | M34: CTI | N34: 一年 | O34: 44118 | P34: 44482
C35: SHAED-P | D35: SHAED-P018 | E35: TTF20190909 | F35: 802259072747110035 | G35: 直流电源 | H35: 美国艾德克斯ITECH | I35: IT6722A | J35: 2019 | K35: 徐东敏 | M35: CTI | N35: 一年 | O35: 43761 | P35: 44125
C36: SHAED-P | D36: SHAED-P019 | E36: TTF20190929 | F36: 802125114747410003 | G36: 直流电源 | H36: 美国艾德克斯ITECH | I36: IT6724 | J36: 2019 | K36: 徐东敏 | M36: CTI | N36: 一年 | O36: 44081 | P36: 44445
A37: 祝亦杰 | B37: 2020.10.24 | C37: SHAED-P | D37: SHAED-P020 | E37: TTF20190930 | F37: 802169114747110006 | G37: 直流电源 | H37: 美国艾德克斯ITECH | I37: IT6723 | J37: 2019 | K37: 祝亦杰 | M37: CTI | N37: 一年 | O37: 44081 | P37: 44445
A38: 黄骏 | B38: 2020.12.25 | C38: SHAED-P | D38: SHAED-P021 | E38: TTF20190931 | F38: 802169114747110017 | G38: 直流电源 | H38: 美国艾德克斯ITECH | I38: IT6723 | J38: 2019 | K38: 祝亦杰 | M38: CTI | N38: 一年 | O38: 44081 | P38: 44445
A39: 徐申扬 | B39: 2020.10.22 | C39: SHAED-P | D39: SHAED-P022 | E39: TTF20190932 | F39: 802169114747230024 | G39: 直流电源 | H39: 美国艾德克斯ITECH | I39: IT6723 | J39: 2019 | K39: 祝亦杰 | M39: CTI | N39: 一年 | O39: 44081 | P39: 44445
A40: 阮徐君 | B40: 2020.12.19 | C40: SHAED-P | D40: SHAED-P023 | E40: TTF20190933 | F40: 802169114747110016 | G40: 直流电源 | H40: 美国艾德克斯ITECH | I40: IT6723 | J40: 2019 | K40: 黄骏 | M40: CTI | N40: 一年 | O40: 44081 | P40: 44445
A41: 徐东敏 | B41: 2020.12.11 | C41: SHAED-P | D41: SHAED-P024 | E41: TTF20190934 | F41: 802169114747230010 | G41: 直流电源 | H41: 美国艾德克斯ITECH | I41: IT6723 | J41: 2019 | K41: 黄骏 | M41: CTI | N41: 一年 | O41: 43724 | P41: 44454
A42: 徐申扬 | B42: 2020.10.22 | C42: SHAED-P | D42: SHAED-P025 | E42: TTF20190935 | F42: 802169114747230026 | G42: 直流电源 | H42: 美国艾德克斯ITECH | I42: IT6723 | J42: 2019 | K42: 黄骏 | M42: CTI | N42: 一年 | O42: 44081 | P42: 44445
C43: SHAED-P | D43: SHAED-P026 | E43: TTF20190936 | F43: 802169114747230012 | G43: 直流电源 | H43: 美国艾德克斯ITECH | I43: IT6723 | J43: 2019 | K43: 徐申扬 | M43: CTI | N43: 一年 | O43: 44081 | P43: 44445
C44: SHAED-P | D44: SHAED-P027 | E44: TTF20190937 | F44: 802079102747210025 | G44: 直流电源 | H44: 美国艾德克斯ITECH | I44: IT6723G | J44: 2019 | K44: 徐申扬 | M44: CTI | N44: 一年 | O44: 44081 | P44: 44445
A45: 阮徐君 | B45: 2020.12.19 | C45: SHAED-P | D45: SHAED-P028 | E45: TTF20191112 | F45: 1969880001 | G45: 直流电源 | H45: Elektro-Automatik | I45: EA-PSI 91500-30 | J45: 2019 | K45: 阮徐君 | M45: CTI | N45: 一年 | O45: 43810 | P45: 44175
A46: 借给苏州实验室 | C46: SHAED-P | D46: SHAED-P029 | E46: TTF20191113 | F46: 1970000005 | G46: 直流电源 | H46: Elektro-Automatik | I46: EA-PSI 9080-120 | J46: 2019 | K46: 李耀辉 | M46: CTI | N46: 一年 | O46: 43810 | P46: 44175
A47: 祝亦杰 | B47: 2020.10.24 | C47: SHAED-P | D47: SHAED-P030 | E47: TTF20191114 | F47: 1967580001 | G47: 直流电源 | H47: Elektro-Automatik | I47: EA-PSI 9080-510 | J47: 2019 | K47: 祝亦杰 | M47: CTI | N47: 一年 | O47: 43810 | P47: 44175
A48: 转回材料实验室 | C48: SHAED-P | D48: SHAED-P031 | E48: TTF20120286 | F48: 1166610001 | G48: 可编程直流电源 | H48: Elektro-Automatik | I48: PSI 8080-60 | K48: / | M48: CTI | O48: 43724 | P48: 44088
A49: 徐申扬 | B49: 2020.12.20 | C49: SHAED-P | D49: SHAED-P032 | E49: TTF20200419 | F49: 802169114757010013 | G49: 直流电源 | H49: 美国艾德克斯ITECH | I49: IT6723 | J49: 2020 | K49: 徐申扬 | M49: CTI | N49: 一年 | O49: 43951 | P49: 44315
C50: SHAED-P | D50: SHAED-P033 | E50: TTF20200420 | F50: 802169114757010015 | G50: 直流电源 | H50: 美国艾德克斯ITECH | I50: IT6723 | J50: 2020 | K50: 张杰 | M50: CTI | N50: 一年 | O50: 43951 | P50: 44315
A51: 徐申扬 | B51: 2020.12.20 | C51: SHAED-P | D51: SHAED-P034 | E51: TTF20200421 | F51: 8021691147570100011 | G51: 直流电源 | H51: 美国艾德克斯ITECH | I51: IT6723 | J51: 2020 | K51: 张杰 | M51: CTI | N51: 一年 | O51: 43951 | P51: 44315
A52: 徐申扬 | B52: 2020.10.31 | C52: SHAED-P | D52: SHAED-P035 | E52: TTF20200422 | F52: 802169114757010029 | G52: 直流电源 | H52: 美国艾德克斯ITECH | I52: IT6723 | J52: 2020 | K52: 蒋诗果 | M52: CTI | N52: 一年 | O52: 43950 | P52: 44314
A53: 徐申扬 | B53: 2020.10.21 | C53: SHAED-P | D53: SHAED-P036 | E53: TTF20200423 | F53: 802169114757010028 | G53: 直流电源 | H53: 美国艾德克斯ITECH | I53: IT6723 | J53: 2020 | K53: 蒋诗果 | M53: CTI | N53: 一年 | O53: 43951 | P53: 44315
A54: 阮徐君 | B54: 2020.12.19 | C54: SHAED-P | D54: SHAED-P037 | E54: TTF20200424 | F54: 802169114757010014 | G54: 直流电源 | H54: 美国艾德克斯ITECH | I54: IT6723 | J54: 2020 | K54: 李耀辉 | M54: CTI | N54: 一年 | O54: 43951 | P54: 44315
A55: 阮徐君 | B55: 2020.12.30 | C55: SHAED-P | D55: SHAED-P038 | E55: TTF20200425 | F55: 802259073747710081 | G55: 直流电源 | H55: 美国艾德克斯ITECH | I55: IT6722A | J55: 2020 | K55: 李耀辉 | M55: CTI | N55: 一年 | O55: 43957 | P55: 44321
C56: SHAED-P | D56: SHAED-P039 | E56: TTF20200426 | F56: 802259073747710010 | G56: 直流电源 | H56: 美国艾德克斯ITECH | I56: IT6722A | J56: 2020 | K56: 李耀辉 | M56: CTI | N56: 一年 | O56: 43951 | P56: 44315
A57: 徐申扬 | B57: 2020.10.21 | C57: SHAED-P | D57: SHAED-P040 | E57: TTF20200427 | F57: 802259073747710053 | G57: 直流电源 | H57: 美国艾德克斯ITECH | I57: IT6722A | J57: 2020 | K57: 唐播甜 | M57: CTI | N57: 一年 | O57: 43951 | P57: 44315
C58: SHAED-P | D58: SHAED-P041 | E58: TTF20200428 | F58: 802259073747710063 | G58: 直流电源 | H58: 美国艾德克斯ITECH | I58: IT6722A | J58: 2020 | K58: 唐播甜 | M58: CTI | N58: 一年 | O58: 43951 | P58: 44315
A59: 转回材料实验室 | C59: SHAED-P | D59: SHAED-P042 | E59: TTF20180978 | F59: 1807538003H | G59: 直流电源 | H59: 山东艾诺Ainuo | I59: AN5380-170 | K59: / | O59: 43724 | P59: 44088
A60: 转回材料实验室 | C60: SHAED-P | D60: SHAED-P043 | E60: TTF20181681 | F60: 1809538002 | G60: 直流电源 | H60: 山东艾诺Ainuo | I60: AN5380-510 | K60: / | O60: 43724 | P60: 44088
A61: 转回材料实验室 | C61: SHAED-P | D61: SHAED-P044 | E61: TTF20190004 | F61: 1810538010A | G61: 直流电源 | H61: 山东艾诺Ainuo | I61: AN5380-170 | K61: / | O61: 43724 | P61: 44088
A62: 转回材料实验室 | C62: SHAED-P | D62: SHAED-P045 | E62: TTF20190005 | F62: 1812538008 | G62: 直流电源 | H62: 山东艾诺Ainuo | I62: AN5380-170 | K62: / | O62: 43724 | P62: 44088
C63: SHAED-P | D63: SHAED-P046 | E63: TTF20200876 | F63: 2059840001 | G63: 直流电源 | H63: Elektro-Automatik | I63: EA-PSI 9080-510 | J63: 2020 | K63: 徐申扬 | O63: 43715 | P63: 44080
B64: 2020.12.30 | C64: SHAED-P | D64: SHAED-P047 | E64: TTF20201134 | F64: 2008531015GG | G64: 直流电源 | H64: 山东艾诺Ainuo | I64: AN531000-30 | J64: 2020 | K64: 阮徐君 | N64: 一年 | O64: 44118 | P64: 44482
C65: SHAED-P | D65: SHAED-P048 | E65: TTF20201135 | F65: 2008531016GG | G65: 直流电源 | H65: 山东艾诺Ainuo | I65: AN531000-30 | J65: 2020 | K65: 阮徐君 | N65: 一年 | O65: 44118 | P65: 44482
C66: SHAED-P | D66: SHAED-P049 | E66: TTF20201087 | F66: 802259073757310080 | G66: 直流电源 | H66: 美国艾德克斯ITECH | I66: IT6722A | J66: 2020 | K66: 唐播甜 | M66: CTI | N66: 一年 | O66: 44118 | P66: 44482
A67: 徐东敏 | B67: 2020.12.13 | C67: SHAED-P | D67: SHAED-P050 | E67: TTF20201082 | F67: 802259073757310073 | G67: 直流电源 | H67: 美国艾德克斯ITECH | I67: IT6722A | J67: 2020 | K67: 王林华 | M67: CTI | N67: 一年 | O67: 44118 | P67: 44482
C68: SHAED-P | D68: SHAED-P051 | E68: TTF20201083 | F68: 802259073757310082 | G68: 直流电源 | H68: 美国艾德克斯ITECH | I68: IT6722A | J68: 2020 | K68: 王林华 | M68: CTI | N68: 一年 | O68: 44118 | P68: 44482
A69: 黄骏 | B69: 2020.10.19 | C69: SHAED-P | D69: SHAED-P052 | E69: TTF20201084 | F69: 802259073757310059 | G69: 直流电源 | H69: 美国艾德克斯ITECH | I69: IT6722A | J69: 2020 | K69: 王林华 | M69: CTI | N69: 一年 | O69: 44118 | P69: 44482
A70: 祝亦杰 | B70: 2020.10.30 | C70: SHAED-P | D70: SHAED-P053 | E70: TTF20201085 | F70: 802259010737010005 | G70: 直流电源 | H70: 美国艾德克斯ITECH | I70: IT6722A | J70: 2020 | K70: 王贺 | M70: CTI | N70: 一年 | O70: 44118 | P70: 44482
A71: 祝亦杰 | B71: 2020.10.26 | C71: SHAED-P | D71: SHAED-P054 | E71: TTF20201086 | F71: 802259073757310077 | G71: 直流电源 | H71: 美国艾德克斯ITECH | I71: IT6722A | J71: 2020 | K71: 王贺 | M71: CTI | N71: 一年 | O71: 44118 | P71: 44482
A72: 梁健宇 | B72: 2020.11.20 | C72: SHAED-P | D72: SHAED-P055 | E72: TTF20201088 | F72: 802259073757310070 | G72: 直流电源 | H72: 美国艾德克斯ITECH | I72: IT6722A | J72: 2020 | K72: 王贺 | M72: CTI | N72: 一年
C73: SHAED-P | D73: SHAED-P056 | E73: TTF20200875 | F73: 2059840002 | G73: 直流电源 | H73: Elektro-Automatik | I73: EA-PSI 9080-510 | J73: 2020 | K73: 徐申扬 | O73: 43715 | P73: 44080
C74: SHAED-P | D74: SHAED-P057 | E74: TTF20201003 | F74: 2007503051 | G74: 直流电源 | H74: 山东艾诺Ainuo | I74: AN5035-100 | J74: 2020 | K74: 阮徐君
C75: SHAED-P | D75: SHAED-P058 | E75: TTF20201004 | F75: 2007505003 | G75: 直流电源 | H75: 山东艾诺Ainuo | I75: AN50503S | J75: 2020 | K75: 阮徐君
C76: SHAED-R | D76: SHAED-R001 | E76: TTE20192773 | F76: 190827943 | G76: 数据采集仪 | H76: 日本日置HIOKI | I76: LR8431-30 | J76: 2019 | K76: 祝亦杰 | M76: CTI | N76: 一年 | O76: 43761 | P76: 44125
C77: SHAED-R | D77: SHAED-R002 | E77: TTE20192774 | F77: 190827938 | G77: 数据采集仪 | H77: 日本日置HIOKI | I77: LR8431-30 | J77: 2019 | K77: 祝亦杰 | M77: CTI | N77: 一年 | O77: 44118 | P77: 44482
A78: 祝亦杰 | B78: 2020.10.24 | C78: SHAED-R | D78: SHAED-R003 | E78: TTE20192775 | F78: 190827929 | G78: 数据采集仪 | H78: 日本日置HIOKI | I78: LR8431-30 | J78: 2019 | K78: 唐播甜 | M78: CTI | N78: 一年 | O78: 43761 | P78: 44125
C79: SHAED-R | D79: SHAED-R004 | E79: TTE20192776 | F79: 190827935 | G79: 数据采集仪 | H79: 日本日置HIOKI | I79: LR8431-30 | J79: 2019 | K79: 唐播甜 | M79: CTI | N79: 一年 | O79: 44118 | P79: 44482
C80: SHAED-R | D80: SHAED-R005 | E80: TTE20192777 | F80: 190827932 | G80: 数据采集仪 | H80: 日本日置HIOKI | I80: LR8431-30 | J80: 2019 | K80: 梁健宇 | M80: CTI | N80: 一年 | O80: 43761 | P80: 44126
C81: SHAED-R | D81: SHAED-R006 | E81: TTE20192778 | F81: 190827928 | G81: 数据采集仪 | H81: 日本日置HIOKI | I81: LR8431-30 | J81: 2019 | K81: 梁健宇 | M81: CTI | N81: 一年 | O81: 44118 | P81: 44482
C82: SHAED-R | D82: SHAED-R007 | E82: TTE20192779 | F82: 190933436 | G82: 数据采集仪+拓展单元 | H82: 日本日置HIOKI | I82: LR8400-21+LR8500*4 | J82: 2019 | K82: 徐东敏 | M82: CTI | N82: 一年 | O82: 43800 | P82: 44165
C83: SHAED-R | D83: SHAED-R008 | E83: TTE20192780 | F83: 190921258 | G83: 数据采集仪+拓展单元 | H83: 日本日置HIOKI | I83: LR8400-21+LR8500*4 | J83: 2019 | K83: 徐东敏 | M83: CTI | N83: 一年 | O83: 43800 | P83: 44165
C84: SHAED-R | D84: SHAED-R009 | E84: TTE20192781 | F84: 191022184 | G84: 数据采集仪+拓展单元 | H84: 日本日置HIOKI | I84: LR8400-21+LR8500*4 | J84: 2019 | K84: 徐申扬 | M84: CTI | N84: 一年 | O84: 43800 | P84: 44165
C85: SHAED-R | D85: SHAED-R010 | E85: TTE20192782 | F85: 191023155 | G85: 数据采集仪+拓展单元 | H85: 日本日置HIOKI | I85: LR8400-21+LR8500*4 | J85: 2019 | K85: 徐申扬 | M85: CTI | N85: 一年 | O85: 43800 | P85: 44165
C86: SHAED-R | D86: SHAED-R011 | E86: TTE20192783 | F86: 190827155 | G86: 数据采集仪 | H86: 日本日置HIOKI | I86: LR8410-30 | J86: 2019 | K86: 李耀辉 | M86: CTI | N86: NA | O86: 免校 | P86: 免校
C87: SHAED-R | D87: SHAED-R012 | E87: TTE20192784 | F87: 190827853 | G87: 数据采集仪 | H87: 日本日置HIOKI | I87: LR8410-30 | J87: 2019 | K87: 李耀辉 | M87: CTI | N87: NA | O87: 免校 | P87: 免校
C88: SHAED-R | D88: SHAED-R013 | E88: TTE20192786 | F88: 190933437 | G88: 数据采集仪+拓展单元 | H88: 日本日置HIOKI | I88: LR8400-21+LR8500*2 | J88: 2019 | K88: 王贺 | M88: CTI | N88: 一年 | O88: 43800 | P88: 44165
C89: SHAED-R | D89: SHAED-R014 | E89: TTE20192787 | F89: 191023157 | G89: 数据采集仪+拓展单元 | H89: 日本日置HIOKI | I89: LR8400-21+LR8500*2 | J89: 2019 | K89: 王贺 | M89: CTI | N89: 一年 | O89: 43800 | P89: 44165
C90: SHAED-R | D90: SHAED-R015 | E90: TTE20192788 | F90: 191023149 | G90: 数据采集仪+拓展单元 | H90: 日本日置HIOKI | I90: LR8400-21+LR8500*2 | J90: 2019 | K90: 王林华 | M90: CTI | N90: 一年 | O90: 43800 | P90: 44165
C91: SHAED-R | D91: SHAED-R016 | E91: TTE20192789 | F91: 190923506 | G91: 数据采集仪+拓展单元 | H91: 日本日置HIOKI | I91: LR8400-21+LR8500*2 | J91: 2019 | K91: 王林华 | M91: CTI | N91: 一年 | O91: 43800 | P91: 44165
C92: SHAED-R | D92: SHAED-R017 | E92: TTE20192790 | F92: 191023158 | G92: 数据采集仪+拓展单元 | H92: 日本日置HIOKI | I92: LR8400-21+LR8500*2 | J92: 2019 | K92: 黄骏 | M92: CTI | N92: 一年 | O92: 43801 | P92: 44166
C93: SHAED-R | D93: SHAED-R018 | E93: TTE20192791 | F93: 191022185 | G93: 数据采集仪+拓展单元 | H93: 日本日置HIOKI | I93: LR8400-21+LR8500*2 | J93: 2019 | K93: 黄骏 | M93: CTI | N93: 一年 | O93: 43800 | P93: 44165
C94: SHAED-R | D94: SHAED-R019 | E94: 低值 | F94: 181119355 | G94: (数据采集仪)无线通用单元 | H94: 日本日置HIOKI | I94: LR8511 | K94: 许宇峰 | M94: CTI | N94: 一年 | O94: 43761 | P94: 44126
C95: SHAED-R | D95: SHAED-R020 | E95: 低值 | F95: 190536940 | G95: (数据采集仪)无线电压/温度单元 | H95: 日本日置HIOKI | I95: LR8510 | K95: 许宇峰 | M95: CTI | N95: 一年 | O95: 43761 | P95: 44126
C96: SHAED-R | D96: SHAED-R021 | E96: 低值 | F96: 190536941 | G96: (数据采集仪)无线电压/温度单元 | H96: 日本日置HIOKI | I96: LR8510 | K96: 许宇峰 | M96: CTI | N96: 一年 | O96: 43761 | P96: 44126
C97: SHAED-R | D97: SHAED-R022 | E97: 低值 | F97: 190536942 | G97: (数据采集仪)无线电压/温度单元 | H97: 日本日置HIOKI | I97: LR8510 | K97: 许宇峰 | M97: CTI | N97: 一年 | O97: 43761 | P97: 44126
A98: 黄骏 | B98: 2020.10.19 | C98: SHAED-R | D98: SHAED-R023 | E98: TTE20193143 | F98: MY58001526 | G98: 数据采集仪 | H98: 美国是德Keysight | I98: DAQ970A | J98: 2019 | K98: 黄骏 | O98: 43848 | P98: 44213
C99: SHAED-R | D99: SHAED-R024 | E99: TTE20193144 | F99: MY58001700 | G99: 数据采集仪 | H99: 美国是德Keysight | I99: DAQ970A | J99: 2019 | K99: 黄骏 | O99: 43900 | P99: 44264
C100: SHAED-R | D100: SHAED-R025 | E100: TTE20200745 | F100: D90941144/D91041145 | G100: 数据采集仪 | H100: GRA日本图技PHTEC | I100: GL7000 | J100: 2020 | K100: 徐东敏 | O100: 43924 | P100: 44288
...

Sheet 外借设备
A1: 外借时间 | B1: 计划归还时间 | C1: 实际归还时间 | D1: 设备信息 | E1: 需求人 | F1: 借出人
A2: 44081 | B2: 11月 | C2: 44138 | D2: 大电源一台 | E2: 苏州杨芳芳 | F2: 李赫
A3: 44134 | B3: 11月中旬 | C3: 44166 | D3: CAN盒一个 | E3: EMC 宋斌 | F3: 李赫
A4: 44105 | B4: 不确定 | C4: 44217 | D4: CAN盒一个 | F4: 王子翼
A5: 44148 | B5: 44389 | D5: DAQ970A+3块板卡 | E5: 广州 黎炽雄 | F5: 黄骏
A6: 44151 | B6: 不确定 | C6: 44403 | D6: SHAED-E007电流钳 | E6: 武汉汽车 田易萍 | F6: 许宇峰
A7: 44169 | B7: 44183 | D7: SHAED-P015直流电源 | E7: 材料盐雾 任亮 | F7: 许宇峰
A8: 44210 | B8: 不确定 | D8: TTE20176501 | E8: 材料 吴逸君 | F8: 许宇峰
A9: 44231 | B9: 44232 | C9: 44237 | D9: TTF20200420直流电源 | E9: 庞训停 | F9: 黄骏
A10: 44231 | B10: 44232 | C10: 44237 | D10: TTF20200419直流电源 | E10: 庞训停 | F10: 黄骏
A11: 44231 | B11: 44232 | C11: 44237 | D11: TTF20190903直流电源 | E11: 庞训停 | F11: 黄骏
A12: 44231 | B12: 44232 | C12: 44237 | D12: TTF20201088直流电源 | E12: 庞训停 | F12: 黄骏
A13: 44231 | B13: 44232 | C13: 44237 | D13: TTF20190905直流电源 | E13: 庞训停 | F13: 黄骏
A14: 44231 | B14: 44232 | C14: 44237 | D14: SHAED-P002可编程 | E14: 庞训停 | F14: 黄骏
A15: 44231 | B15: 44232 | C15: 44237 | D15: SHAED-P003可编程 | E15: 庞训停 | F15: 黄骏
A16: 44287 | B16: 44301 | C16: 44355 | D16: SHAED-P021 | E16: 芯片实验室 | F16: 许宇峰
A17: 44287 | B17: 44301 | C17: 44355 | D17: SHAED-P026 | E17: 芯片实验室 | F17: 许宇峰
A18: 44294 | B18: =A18+42 -> 44336 | C18: 44377 | D18: SHAED-P007 | E18: 材料黄鹏飞 | F18: 李赫
A19: 44294 | B19: =A19+42 -> 44336 | C19: 44377 | D19: SHAED-P008 | E19: 材料黄鹏飞 | F19: 李赫
A20: 44295 | D20: SHAED-P010 | E20: 广州电池蔡工 | F20: 许宇峰
A21: 44305 | D21: SHAED-P030 | E21: 苏州沈工 | F21: 许宇峰
A22: 44326 | C22: 44357 | D22: SHAED-P050 | E22: 材料盐雾 任亮 | F22: 许宇峰
A23: 44328 | D23: SHAED-E011 | E23: 苏州杨芳芳 | F23: 张杰
A24: 44334 | D24: SHAED-R014 | E24: CR陶园园 | F24: 许宇峰
A25: 44370 | B25: 44375 | D25: P034 | E25: 任亮 | F25: 许宇峰
A26: 44379 | B26: 44386 | C26: 44403 | D26: R007 | E26: 通敏-张黎春 | F26: 许宇峰
A27: 44396 | B27: 44418 | D27: SHAED-P020 | E27: 材料 吴逸君 | F27: 许宇峰
A28: 44396 | B28: 44418 | D28: TTE20211113 | E28: 材料 吴逸君 | F28: 许宇峰
A29: 44641 | B29: 44645 | D29: P075 | E29: 材料 吴逸君 | F29: 黄骏
D48: 未找到电源
D49: SHAED-P048
D50: SHAED-R013

Sheet 下拉列表
B2: 内部编号 | C2: 设备名称 | D2: 型号 | E2: 制造厂商 | F2: 设备位置 | G2: 负责人 | H2: 出厂编号 | I2: 采购供应商 | J2: 价格（扣除税点） | K2: 到货日期 | L2: 校准状态
L3: 现场-等待校准
A4: SHAED-C | C4: 温湿度环境箱 | E4: 美国福禄克Fluke | F4: 新2楼环境 | G4: 张建 | I4: 伟思富奇 | L4: 现场-已校准报告未到
A5: SHAED-C | C5: 温湿度环境箱-Pro | E5: 美国是德Keysight | F5: 新2楼线束 | G5: 王子翼 | I5: 苏盈 | L5: 现场-已拿到报告并核对好
A6: SHAED-C | C6: 温湿度环境箱-匹配振动台 | E6: 史丹利STANLEY | F6: 新2楼仓库 | G6: 许宇峰 | I6: 广五所
A7: SHAED-E | C7: 示波器 | E7: 日本耐苛NAC | F7: 新1楼 | G7: 黄骏 | I7: 成测 | L7: 送校-已送未反馈
A8: SHAED-E | C8: 六位半万用表 | E8: 美国艾德克斯ITECH | G8: 李赫 | I8: 重庆阿泰可 | L8: 送校-已送但有问题
A9: SHAED-E | C9: 电子负载 | E9: 日本菊水KIKUSUI | G9: 徐申扬 | I9: 深圳市世纪通供应链股份有限公司 | L9: 送校-已送收到设备、证书并核对好
A10: SHAED-E | C10: 瞬断仪 | E10: 杭州美仪 | G10: 李耀辉
A11: SHAED-E | C11: 电流钳 | E11: 日本日置HIOKI | G11: 王菁
A12: SHAED-E | C12: 七位半万用表 | E12: Bruel&Kjaer | G12: 阮徐君
A13: SHAED-E | C13: 交直流耐压绝缘测试仪 | E13: 世达SATA | G13: 李光华
A14: SHAED-E | C14: 存储记录仪（示波器） | E14: 优利德 | G14: 徐东敏
A15: SHAED-E | C15: 数字万用表 | E15: Elektro-Automatik | G15: 祝亦杰
A16: SHAED-E | C16: LCR表 | E16: 重庆阿泰可 | G16: 张杰
A17: SHAED-E | C17: 电性能综合测试系统 | E17: 瑞士emtest
A18: SHAED-E | E18: Faith
A19: SHAED-E | C19: CANoe模块 | E19: 德国Vector
A20: SHAED-E | C20: 旋转式电阻箱 | E20: 澄洋仪器
A21: SHAED-H | C21: 高温试验箱 | E21: TESTO
A22: SHAED-I | C22: IP防水试验机 | E22: 远方
A23: SHAED-I | C23: JIS防水试验机 | E23: 东莞昌鸿
A24: SHAED-I | C24: 两厢式冰水冲击试验箱-喷淋 | E24: 帕捷Partner
A25: SHAED-I | C25: 两厢式冰水冲击试验箱-浸水 | E25: 力新宝
A26: SHAED-I | C26: 两厢式冰水冲击试验箱-喷淋/浸水 | E26: 美特斯工业系统（中国）有限公司
A27: SHAED-I | C27: 防尘箱 | E27: GRA日本图技PHTEC
A28: SHAED-I | C28: 粉尘筛
A29: SHAED-I | C29: 高压清洗机 | E29: 凯驰
A30: SHAED-O | C30: 照度计 | E30: 泛德声学
A31: SHAED-O | C31: 噪声计 | E31: 山东艾诺Ainuo
A32: SHAED-O | C32: 亮度计 | E32: Elektro-Automatik
A33: SHAED-O | C33: 成像亮度计 | E33: 无锡南亚
A34: SHAED-O | C34: 光谱亮度计 | E34: Fluke
A35: SHAED-O | C35: 热像仪 | E35: 温州一鼎
A36: SHAED-O | C36: 声级计 | E36: NA
A37: SHAED-O | C37: 静音房 | E37: Tektronix
A38: SHAED-O | C38: 数显扭矩扳手1.5-30N.m | E38: 安捷伦
A39: SHAED-O | C39: 数显扭矩扳手10-200N.m | E39: 欧姆龙
A40: SHAED-O | C40: 游标卡尺 | E40: 艾诺
... A45: SHAED-O | C45: 转速计 | E45: 联测
A46: SHAED-O | C46: 万能按键机
A47: SHAED-O | C47: 防风罩
A48: SHAED-O | C48: 热电偶
A49: SHAED-O | C49: 湿度传感器
A50: SHAED-O | C50: 标准声源
A51: SHAED-O | C51: 红外测温仪 | E51: 得力
A52: SHAED-O | C52: 温度计 | E52: 雨花泽
A53: SHAED-P | C53: 可编程直流电源
A54: SHAED-P | C54: 直流电源
A55: SHAED-Q | C55: 快速温度变化试验箱
A56: SHAED-R | C56: 数据采集仪
A57: SHAED-R | C57: 数据采集仪+拓展单元
A58: SHAED-R | C58: (数据采集仪)无线通用单元
A59: SHAED-R | C59: (数据采集仪)无线电压/温度单元
A60: SHAED-S | C60: 温度冲击试验箱
A61: SHAED-T | C61: 工业除湿机
A62: SHAED-T | C62: 智能拍照台
A63: SHAED-T | C63: 湿膜加湿机
A64: SHAED-V | C64: 机械振动台
... A73: SHAED-X | C73: 2.5次元尺寸测量仪
C74: 拉伸/压缩一体式测试机
C76: 数字温湿度计
C81: 气压表（正压）
C82: 气压表（负压）
C83: 万能材料试验机
C86: 数据记录仪GL7000-1ms
C87: DAQ 970数据记录仪
C89: 高温箱

Sheet 文件要求
A2: 1 | B2: 新设备：有校准报告时更新此表格信息（包括固定资产设备、其他低值测试工具），可能未生成设备系统号
A3: 2 | B3: 在用设备：校准信息等更新时，更新此表格
A4: 3 | B4: 每月15日左右核对表格状态

Sheet 设备基本信息
A1: 设备名称 | B1: 品牌 | C1: 数量
A2: 高温箱 | B2: 苏盈 | C2: 8
A3: 环境箱 | B3: 伟思 | C3: 18
B4: 广五所 | C4: 3
B5: 阿泰可 | C5: 3
A6: 快速温变箱 | B6: 伟思 | C6: 4
B7: 帕捷 | C7: 1
A8: 温度冲击箱 | B8: 广五所 | C8: 6
B9: 阿泰可 | C9: 1
A10: 三综合振动台 | B10: 航天希尔 | C10: 6
A11: 机械冲击台 | B11: 航天希尔 | C11: 2
A12: 直流电源 | B12: 美国艾德克斯ITECH | C12: 34
A13: 可编程 | B13: 日本菊水 | C13: 9
A14: 大功率电源 | B14: Elektro-Automatik | C14: 5
B15: 山东艾诺Ainuo | C15: 4
A16: 记录仪 | B16: 日置HIOKI | C16: 22
B17: 图技 | C17: 4
A18: 数采 | B18: 美国是德Keysight | C18: 2
A19: 示波器 | B19: 美国泰克Tek | C19: 2
A20: 瞬断仪 | B20: 日本耐苛NAC | C20: 3
A21: 电性能综合测试系统 | B21: 瑞士emtest | C21: 1
A22: 拉伸机 | B22: MTS | C22: 1
A23: 七位半万用表 | B23: 美国是德Keysight | C23: 1
A24: 电流钳 | B24: 日置HIOKI | C24: 8
A25: 电子负载 | B25: 美国艾德克斯ITECH | C25: 8

Sheet 笔记本
A1: 编号 | B1: 设备编号 | C1: 名称 | D1: 品牌 | E1: 型号 | F1: 备注
A2: SHAED-LX001 | C2: 笔记本 | D2: 联想 | E2: E14 Gen4 | F2: 按键试验机专用
A3: SHAED-HJ001 | B3: ODN20231003 | C3: 笔记本 | D3: 宏基 | E3: 未来，14英寸 12代酷睿i5 16G 512G
A4: SHAED-HJ002 | B4: ODN20231004 | C4: 笔记本 | D4: 宏基 | E4: 未来，14英寸 12代酷睿i5 16G 512G
A5: SHAED-HJ003 | B5: ODN20231005 | C5: 笔记本 | D5: 宏基 | E5: 未来，14英寸 12代酷睿i5 16G 512G
A6: SHAED-HJ004 | B6: ODN20240687 | C6: 笔记本 | D6: 宏基 | E6: 宏碁优跃 14英寸 13代酷睿i5 16G 1T
A7: SHAED-HJ005 | B7: ODN20240688 | C7: 笔记本 | D7: 宏基 | E7: 宏碁优跃 14英寸 13代酷睿i5 16G 1T
A8: SHAED-HJ006 | B8: ODN20240689 | C8: 笔记本 | D8: 宏基 | E8: 宏碁优跃 14英寸 13代酷睿i5 16G 1T
A9: SHAED-HJ007 | B9: ODN20240690 | C9: 笔记本 | D9: 宏基 | E9: 宏碁优跃 14英寸 13代酷睿i5 16G 1T
A10: SHAED-HJ008 | B10: ODN20240691 | C10: 笔记本 | D10: 宏基 | E10: 宏碁优跃 14英寸 13代酷睿i5 16G 1T
A11: SHAED-HJ009 | B11: ODN20240692 | C11: 笔记本 | D11: 宏基 | E11: 宏碁优跃 14英寸 13代酷睿i5 16G 1T

Sheet CAN
A1: 设备编号 | B1: 内部编号 | C1: 设备名称 | D1: 出厂编号 | E1: 制造厂商 | F1: 型号 | G1: 到货日期
A2: PCAN001 | B2: TTF202604222 | C2: CAN盒 | D2: NA | E2: PEAK | F2: IPEH-004064 | G2: 2026
A3: PCAN002 | B3: TTF202604224 | C3: CAN盒 | D3: NA | E3: PEAK | F3: IPEH-004064 | G3: 2026
A4: PCAN003 | B4: TTF202604225 | C4: CAN盒 | D4: NA | E4: PEAK | F4: IPEH-004064 | G4: 2026
A5: PCAN004 | B5: TTF202604227 | C5: CAN盒 | D5: NA | E5: PEAK | F5: IPEH-004064 | G5: 2026
A6: PCAN005 | B6: TTF202604230 | C6: CAN盒 | D6: NA | E6: PEAK | F6: IPEH-004064 | G6: 2026
A7: PCAN006 | B7: TTF202604231 | C7: CAN盒 | D7: NA | E7: PEAK | F7: IPEH-004064 | G7: 2026
A8: PCAN007 | B8: TTF202604232 | C8: CAN盒 | D8: NA | E8: PEAK | F8: IPEH-004064 | G8: 2026
A9: PCAN008 | B9: TTF202604233 | C9: CAN盒 | D9: NA | E9: PEAK | F9: IPEH-004064 | G9: 2026
A10: PCAN009 | B10: TTF202604234 | C10: CAN盒 | D10: NA | E10: PEAK | F10: IPEH-004064 | G10: 2026
A11: PCAN010 | B11: TTF202604236 | C11: CAN盒 | D11: NA | E11: PEAK | F11: IPEH-004064 | G11: 2026
A12: PCAN011 | B12: TTF202604237 | C12: CAN盒 | D12: NA | E12: PEAK | F12: IPEH-004064 | G12: 2026
A13: PCAN012 | B13: TTF202604240 | C13: CAN盒 | D13: NA | E13: PEAK | F13: IPEH-004064 | G13: 2026
